[
{
  "model": "accounts.user",
  "pk": 1,
  "fields": {
    "password": "pbkdf2_sha256$1200000$RSdAsFMqvELakztCTk6bIm$VtfYW7gAt7QX9t0B22BJM/eypEZgeNHt9a2e43IsE3I=",
    "last_login": "2026-03-05T20:49:29.527Z",
    "is_superuser": true,
    "username": "alex2",
    "first_name": "",
    "last_name": "",
    "is_staff": true,
    "is_active": true,
    "date_joined": "2026-03-05T20:49:11.378Z",
    "email": "ajnakle@hotmail.com",
    "full_name": "Alex Nakhle",
    "phone": null,
    "role_name": "PRODUCER",
    "groups": [],
    "user_permissions": []
  }
},
{
  "model": "accounts.user",
  "pk": 2,
  "fields": {
    "password": "pbkdf2_sha256$1200000$jpeLVMQei1ljL1hBomRaUP$1CPPt0Tz5PrATDmRh2QbQjX0tnuVE4qtoI2rQSfrkaw=",
    "last_login": null,
    "is_superuser": false,
    "username": "greenvalley@farm.com",
    "first_name": "",
    "last_name": "",
    "is_staff": false,
    "is_active": true,
    "date_joined": "2026-04-23T23:47:43.301Z",
    "email": "greenvalley@farm.com",
    "full_name": "Tom Hargreaves",
    "phone": null,
    "role_name": "PRODUCER",
    "groups": [],
    "user_permissions": []
  }
},
{
  "model": "accounts.user",
  "pk": 3,
  "fields": {
    "password": "pbkdf2_sha256$1200000$0vWcLDt5mfga5BGxgyX439$PovdGpqDowifm3l3/PyEJfT1Bx8FXPeyGaG/kwY+1ag=",
    "last_login": null,
    "is_superuser": false,
    "username": "sunnymeadow@dairy.com",
    "first_name": "",
    "last_name": "",
    "is_staff": false,
    "is_active": true,
    "date_joined": "2026-04-23T23:47:43.361Z",
    "email": "sunnymeadow@dairy.com",
    "full_name": "Sarah Meadows",
    "phone": null,
    "role_name": "PRODUCER",
    "groups": [],
    "user_permissions": []
  }
},
{
  "model": "accounts.user",
  "pk": 4,
  "fields": {
    "password": "pbkdf2_sha256$1200000$ABeiUUJYhz59OdFxozGPK4$lg3DQCv4PqqsiCLeGODleqnL/jaJ09jUBD2oROkSpII=",
    "last_login": null,
    "is_superuser": false,
    "username": "ceridwenorchard@farm.com",
    "first_name": "",
    "last_name": "",
    "is_staff": false,
    "is_active": true,
    "date_joined": "2026-04-23T23:47:43.379Z",
    "email": "ceridwenorchard@farm.com",
    "full_name": "Ceridwen Hughes",
    "phone": null,
    "role_name": "PRODUCER",
    "groups": [],
    "user_permissions": []
  }
},
{
  "model": "accounts.user",
  "pk": 5,
  "fields": {
    "password": "pbkdf2_sha256$1200000$wWJ1e048WF9uHQMjsEKMkR$3SC5x5CbmXKJzU9LVGgfhOu6kau8N55WqCupeYFxB50=",
    "last_login": null,
    "is_superuser": false,
    "username": "alice@example.com",
    "first_name": "",
    "last_name": "",
    "is_staff": false,
    "is_active": true,
    "date_joined": "2026-04-23T23:47:43.395Z",
    "email": "alice@example.com",
    "full_name": "Alice Morgan",
    "phone": null,
    "role_name": "CUSTOMER",
    "groups": [],
    "user_permissions": []
  }
},
{
  "model": "accounts.user",
  "pk": 6,
  "fields": {
    "password": "pbkdf2_sha256$1200000$5LGs0DiXNmYlH7VFPNzKBz$/29uXio/IgneFJmO/mWMWjxl8ILIp67C6jZzvF46Fok=",
    "last_login": null,
    "is_superuser": false,
    "username": "theoakrestaurant@local.com",
    "first_name": "",
    "last_name": "",
    "is_staff": false,
    "is_active": true,
    "date_joined": "2026-04-23T23:47:43.417Z",
    "email": "theoakrestaurant@local.com",
    "full_name": "The Oak Restaurant",
    "phone": null,
    "role_name": "CUSTOMER",
    "groups": [],
    "user_permissions": []
  }
},
{
  "model": "accounts.user",
  "pk": 7,
  "fields": {
    "password": "pbkdf2_sha256$1200000$kAds4FjOCje4b64hG1hkqp$XcZUCFRShY7u5dZyMfn67nhXB6OZIu//QkfK6fuvNEo=",
    "last_login": null,
    "is_superuser": false,
    "username": "brfnhub@community.com",
    "first_name": "",
    "last_name": "",
    "is_staff": false,
    "is_active": true,
    "date_joined": "2026-04-23T23:47:43.434Z",
    "email": "brfnhub@community.com",
    "full_name": "BRFN Community Hub",
    "phone": null,
    "role_name": "CUSTOMER",
    "groups": [],
    "user_permissions": []
  }
},
{
  "model": "accounts.user",
  "pk": 8,
  "fields": {
    "password": "pbkdf2_sha256$1200000$3dCT4G43jFNaFl4i5MW4rh$iXvJnv0j1fiCEUh5JtYSz4ZvAwn7/VR34dir8o+vh88=",
    "last_login": null,
    "is_superuser": true,
    "username": "Admin",
    "first_name": "",
    "last_name": "",
    "is_staff": true,
    "is_active": true,
    "date_joined": "2026-04-23T23:51:31.550Z",
    "email": "Admin@gmail.com",
    "full_name": "",
    "phone": null,
    "role_name": "",
    "groups": [],
    "user_permissions": []
  }
},
{
  "model": "accounts.user",
  "pk": 9,
  "fields": {
    "password": "pbkdf2_sha256$1200000$oZ9GnmatqzvwublX4rrDW2$u+GyKnNdFsBusGcughKetMDF+xsM68PIR7LcI5HxsFM=",
    "last_login": "2026-04-23T23:56:08Z",
    "is_superuser": true,
    "username": "admin",
    "first_name": "",
    "last_name": "",
    "is_staff": true,
    "is_active": true,
    "date_joined": "2026-04-23T23:55:47Z",
    "email": "admin@gmail.com",
    "full_name": "admin",
    "phone": null,
    "role_name": "ADMIN",
    "groups": [],
    "user_permissions": [
      85,
      86,
      87,
      88,
      93,
      94,
      95,
      96,
      89,
      90,
      91,
      92,
      1,
      2,
      3,
      4,
      9,
      10,
      11,
      12,
      5,
      6,
      7,
      8,
      13,
      14,
      15,
      16,
      73,
      74,
      75,
      76,
      21,
      22,
      23,
      24,
      49,
      50,
      51,
      52,
      69,
      70,
      71,
      72,
      25,
      26,
      27,
      28,
      77,
      78,
      79,
      80,
      53,
      54,
      55,
      56,
      61,
      62,
      63,
      64,
      57,
      58,
      59,
      60,
      65,
      66,
      67,
      68,
      81,
      82,
      83,
      84,
      29,
      30,
      31,
      32,
      45,
      46,
      47,
      48,
      33,
      34,
      35,
      36,
      37,
      38,
      39,
      40,
      41,
      42,
      43,
      44,
      17,
      18,
      19,
      20
    ]
  }
},
{
  "model": "accounts.user",
  "pk": 10,
  "fields": {
    "password": "pbkdf2_sha256$1200000$vPHBAOZMj0DMKSfkzqp6E0$phbLrI/PPkb/3DNqpWH352olVq689gN+JE3m6NjQu+A=",
    "last_login": null,
    "is_superuser": false,
    "username": "customer@gmail.com",
    "first_name": "",
    "last_name": "",
    "is_staff": false,
    "is_active": true,
    "date_joined": "2026-04-24T11:02:29.788Z",
    "email": "customer@gmail.com",
    "full_name": "Customer",
    "phone": null,
    "role_name": "CUSTOMER",
    "groups": [],
    "user_permissions": []
  }
},
{
  "model": "accounts.user",
  "pk": 13,
  "fields": {
    "password": "pbkdf2_sha256$1200000$9PBB3xfkdmteAvDnZxA05n$5j4W72q3eiCfgzz9ABlETDeYBHejJYlxNfwp/+xtz14=",
    "last_login": null,
    "is_superuser": false,
    "username": "producer@gmail.com",
    "first_name": "",
    "last_name": "",
    "is_staff": false,
    "is_active": true,
    "date_joined": "2026-04-24T11:10:30.589Z",
    "email": "producer@gmail.com",
    "full_name": "producer",
    "phone": null,
    "role_name": "PRODUCER",
    "groups": [],
    "user_permissions": []
  }
},
{
  "model": "accounts.user",
  "pk": 14,
  "fields": {
    "password": "pbkdf2_sha256$1200000$63shzAJqjo8qJk3Uee0ScT$VL/b2Kc8vu3lUm/X2kiNXvxpjreSDRpA6bhTtHZTXAg=",
    "last_login": null,
    "is_superuser": false,
    "username": "t",
    "first_name": "",
    "last_name": "",
    "is_staff": false,
    "is_active": true,
    "date_joined": "2026-05-04T13:12:39.475Z",
    "email": "t",
    "full_name": "t",
    "phone": "t",
    "role_name": "CUSTOMER",
    "groups": [],
    "user_permissions": []
  }
},
{
  "model": "accounts.user",
  "pk": 15,
  "fields": {
    "password": "pbkdf2_sha256$1200000$vBw08DuOhWrFQFYlOehfDi$07J1w71WZZeNs46b1x5OuAGd+IRF6muS7lFdq9vXArk=",
    "last_login": null,
    "is_superuser": false,
    "username": "alex@alex.com",
    "first_name": "",
    "last_name": "",
    "is_staff": false,
    "is_active": true,
    "date_joined": "2026-05-04T19:44:40.433Z",
    "email": "alex@alex.com",
    "full_name": "Alex",
    "phone": "077777777777",
    "role_name": "PRODUCER",
    "groups": [],
    "user_permissions": []
  }
},
{
  "model": "accounts.user",
  "pk": 16,
  "fields": {
    "password": "pbkdf2_sha256$1200000$vR0FEELEfBNznDRj5JOHBP$lpElVRlM2KBrOepW23WC7BoAAQNRYVn7L3aL0pon4VQ=",
    "last_login": "2026-05-06T15:11:55.330Z",
    "is_superuser": true,
    "username": "Jake",
    "first_name": "",
    "last_name": "",
    "is_staff": true,
    "is_active": true,
    "date_joined": "2026-05-06T15:11:46.602Z",
    "email": "jakerichardsonprice@gmail.com",
    "full_name": "",
    "phone": null,
    "role_name": "",
    "groups": [],
    "user_permissions": []
  }
},
{
  "model": "accounts.user",
  "pk": 17,
  "fields": {
    "password": "pbkdf2_sha256$1200000$V1hIPsYaWYfKNghekzJXQX$j0dJS8vFR5xyzsSu33HzfdkbUSpzqUSIjm9GAqB28S8=",
    "last_login": null,
    "is_superuser": false,
    "username": "jakeprod@gmail.com",
    "first_name": "",
    "last_name": "",
    "is_staff": false,
    "is_active": true,
    "date_joined": "2026-05-06T15:43:48.196Z",
    "email": "jakeprod@gmail.com",
    "full_name": "JakeProd",
    "phone": "00000000000",
    "role_name": "PRODUCER",
    "groups": [],
    "user_permissions": []
  }
},
{
  "model": "accounts.address",
  "pk": 1,
  "fields": {
    "line_1": "Green Valley Farm, Old Mill Road",
    "line_2": null,
    "city": "Aberystwyth",
    "postcode": "SY23 3AL"
  }
},
{
  "model": "accounts.address",
  "pk": 2,
  "fields": {
    "line_1": "Sunny Meadow Farm, Cwm Road",
    "line_2": null,
    "city": "Lampeter",
    "postcode": "SA48 7HN"
  }
},
{
  "model": "accounts.address",
  "pk": 3,
  "fields": {
    "line_1": "Pant-y-Gog Farm, Orchard Lane",
    "line_2": null,
    "city": "New Quay",
    "postcode": "SA45 9RT"
  }
},
{
  "model": "accounts.address",
  "pk": 4,
  "fields": {
    "line_1": "5 Oak Street",
    "line_2": null,
    "city": "Aberystwyth",
    "postcode": "SY23 1DE"
  }
},
{
  "model": "accounts.address",
  "pk": 5,
  "fields": {
    "line_1": "12 Marine Terrace",
    "line_2": null,
    "city": "Aberystwyth",
    "postcode": "SY23 2AZ"
  }
},
{
  "model": "accounts.address",
  "pk": 6,
  "fields": {
    "line_1": "Community Centre, Bridge Street",
    "line_2": null,
    "city": "Aberystwyth",
    "postcode": "SY23 2EQ"
  }
},
{
  "model": "accounts.address",
  "pk": 7,
  "fields": {
    "line_1": "Watercress Road",
    "line_2": null,
    "city": "Bristol",
    "postcode": "BS2 9YJ"
  }
},
{
  "model": "accounts.address",
  "pk": 8,
  "fields": {
    "line_1": "Transom",
    "line_2": "Victoria road",
    "city": "Bristol",
    "postcode": "BS1 6AH"
  }
},
{
  "model": "accounts.address",
  "pk": 9,
  "fields": {
    "line_1": "Jake",
    "line_2": "Bristol",
    "city": "Bristol",
    "postcode": "bs7 8eb"
  }
},
{
  "model": "accounts.address",
  "pk": 10,
  "fields": {
    "line_1": "Jake",
    "line_2": "Bristol",
    "city": "Bristol",
    "postcode": "bs7 8be"
  }
},
{
  "model": "accounts.address",
  "pk": 11,
  "fields": {
    "line_1": "Hillside Farm, Brook Lane",
    "line_2": null,
    "city": "Stroud",
    "postcode": "GL5 1AA"
  }
},
{
  "model": "accounts.address",
  "pk": 12,
  "fields": {
    "line_1": "5 Oak Street",
    "line_2": null,
    "city": "Aberystwyth",
    "postcode": "SY23 1DE"
  }
},
{
  "model": "accounts.address",
  "pk": 13,
  "fields": {
    "line_1": "12 Marine Terrace",
    "line_2": null,
    "city": "Aberystwyth",
    "postcode": "SY23 2AZ"
  }
},
{
  "model": "accounts.address",
  "pk": 14,
  "fields": {
    "line_1": "Community Centre, Bridge Street",
    "line_2": null,
    "city": "Aberystwyth",
    "postcode": "SY23 2EQ"
  }
},
{
  "model": "accounts.address",
  "pk": 15,
  "fields": {
    "line_1": "22 High Street",
    "line_2": null,
    "city": "Bristol",
    "postcode": "BS1 2AB"
  }
},
{
  "model": "accounts.address",
  "pk": 16,
  "fields": {
    "line_1": "5 Oak Street",
    "line_2": null,
    "city": "Aberystwyth",
    "postcode": "SY23 1DE"
  }
},
{
  "model": "accounts.address",
  "pk": 17,
  "fields": {
    "line_1": "12 Marine Terrace",
    "line_2": null,
    "city": "Aberystwyth",
    "postcode": "SY23 2AZ"
  }
},
{
  "model": "accounts.address",
  "pk": 18,
  "fields": {
    "line_1": "22 High Street",
    "line_2": null,
    "city": "Bristol",
    "postcode": "BS1 2AB"
  }
},
{
  "model": "accounts.address",
  "pk": 19,
  "fields": {
    "line_1": "Community Centre, Bridge Street",
    "line_2": null,
    "city": "Aberystwyth",
    "postcode": "SY23 2EQ"
  }
},
{
  "model": "accounts.address",
  "pk": 20,
  "fields": {
    "line_1": "5 Oak Street",
    "line_2": null,
    "city": "Aberystwyth",
    "postcode": "SY23 1DE"
  }
},
{
  "model": "accounts.address",
  "pk": 21,
  "fields": {
    "line_1": "22 High Street",
    "line_2": null,
    "city": "Bristol",
    "postcode": "BS1 2AB"
  }
},
{
  "model": "accounts.address",
  "pk": 22,
  "fields": {
    "line_1": "12 Marine Terrace",
    "line_2": null,
    "city": "Aberystwyth",
    "postcode": "SY23 2AZ"
  }
},
{
  "model": "accounts.address",
  "pk": 23,
  "fields": {
    "line_1": "Community Centre, Bridge Street",
    "line_2": null,
    "city": "Aberystwyth",
    "postcode": "SY23 2EQ"
  }
},
{
  "model": "accounts.address",
  "pk": 24,
  "fields": {
    "line_1": "5 Oak Street",
    "line_2": null,
    "city": "Aberystwyth",
    "postcode": "SY23 1DE"
  }
},
{
  "model": "accounts.address",
  "pk": 25,
  "fields": {
    "line_1": "12 Marine Terrace",
    "line_2": null,
    "city": "Aberystwyth",
    "postcode": "SY23 2AZ"
  }
},
{
  "model": "accounts.address",
  "pk": 26,
  "fields": {
    "line_1": "Community Centre, Bridge Street",
    "line_2": null,
    "city": "Aberystwyth",
    "postcode": "SY23 2EQ"
  }
},
{
  "model": "accounts.address",
  "pk": 27,
  "fields": {
    "line_1": "5 Oak Street",
    "line_2": null,
    "city": "Aberystwyth",
    "postcode": "SY23 1DE"
  }
},
{
  "model": "accounts.address",
  "pk": 28,
  "fields": {
    "line_1": "22 High Street",
    "line_2": null,
    "city": "Bristol",
    "postcode": "BS1 2AB"
  }
},
{
  "model": "accounts.address",
  "pk": 29,
  "fields": {
    "line_1": "234234234",
    "line_2": "234",
    "city": "234234",
    "postcode": "2434j"
  }
},
{
  "model": "accounts.address",
  "pk": 30,
  "fields": {
    "line_1": "234",
    "line_2": "234",
    "city": "234",
    "postcode": "234"
  }
},
{
  "model": "accounts.address",
  "pk": 31,
  "fields": {
    "line_1": "234234",
    "line_2": "234",
    "city": "234",
    "postcode": "234"
  }
},
{
  "model": "accounts.customerprofile",
  "pk": 1,
  "fields": {
    "user": 5,
    "customer_type": "INDIVIDUAL",
    "org_name": null,
    "address": 4
  }
},
{
  "model": "accounts.customerprofile",
  "pk": 2,
  "fields": {
    "user": 6,
    "customer_type": "RESTAURANT",
    "org_name": "The Oak Restaurant",
    "address": 5
  }
},
{
  "model": "accounts.customerprofile",
  "pk": 3,
  "fields": {
    "user": 7,
    "customer_type": "COMMUNITY_GROUP",
    "org_name": "BRFN Community Hub",
    "address": 6
  }
},
{
  "model": "accounts.customerprofile",
  "pk": 4,
  "fields": {
    "user": 10,
    "customer_type": "INDIVIDUAL",
    "org_name": null,
    "address": 7
  }
},
{
  "model": "accounts.producerprofile",
  "pk": 1,
  "fields": {
    "user": 2,
    "business_name": "Green Valley Farm",
    "contact_name": null,
    "address": 1,
    "lead_time_hours": 24,
    "is_verified": true
  }
},
{
  "model": "accounts.producerprofile",
  "pk": 2,
  "fields": {
    "user": 3,
    "business_name": "Sunny Meadow Dairy",
    "contact_name": null,
    "address": 2,
    "lead_time_hours": 48,
    "is_verified": true
  }
},
{
  "model": "accounts.producerprofile",
  "pk": 3,
  "fields": {
    "user": 4,
    "business_name": "Ceridwen's Orchard",
    "contact_name": null,
    "address": 3,
    "lead_time_hours": 48,
    "is_verified": true
  }
},
{
  "model": "accounts.producerprofile",
  "pk": 4,
  "fields": {
    "user": 15,
    "business_name": "Alex Farms",
    "contact_name": "Alex Farms",
    "address": 7,
    "lead_time_hours": 48,
    "is_verified": true
  }
},
{
  "model": "accounts.producerprofile",
  "pk": 5,
  "fields": {
    "user": 17,
    "business_name": "JakeProducer",
    "contact_name": "JakeProducer",
    "address": 9,
    "lead_time_hours": 48,
    "is_verified": true
  }
},
{
  "model": "accounts.producerprofile",
  "pk": 6,
  "fields": {
    "user": 13,
    "business_name": "Hillside Farm",
    "contact_name": null,
    "address": 11,
    "lead_time_hours": 48,
    "is_verified": true
  }
}
]
