[
{
  "model": "marketplace.category",
  "pk": 1,
  "fields": {
    "category_name": "Vegetables",
    "category_description": "Fresh seasonal vegetables grown locally"
  }
},
{
  "model": "marketplace.category",
  "pk": 2,
  "fields": {
    "category_name": "Fruit",
    "category_description": "Orchard and soft fruits picked at peak ripeness"
  }
},
{
  "model": "marketplace.category",
  "pk": 3,
  "fields": {
    "category_name": "Dairy & Eggs",
    "category_description": "Milk, cheese, butter and free-range eggs"
  }
},
{
  "model": "marketplace.category",
  "pk": 4,
  "fields": {
    "category_name": "Herbs",
    "category_description": "Fresh-cut herbs and edible flowers"
  }
},
{
  "model": "marketplace.category",
  "pk": 5,
  "fields": {
    "category_name": "Bakery",
    "category_description": null
  }
},
{
  "model": "marketplace.category",
  "pk": 6,
  "fields": {
    "category_name": "Honey & Preserves",
    "category_description": "Local honeys, jams, chutneys and preserves"
  }
},
{
  "model": "marketplace.category",
  "pk": 7,
  "fields": {
    "category_name": "Meat & Poultry",
    "category_description": "Pasture-raised meat and poultry from local farms"
  }
},
{
  "model": "marketplace.category",
  "pk": 8,
  "fields": {
    "category_name": "Dairy",
    "category_description": null
  }
},
{
  "model": "marketplace.product",
  "pk": 1,
  "fields": {
    "producer": 1,
    "category": 1,
    "product_name": "Mixed Salad Leaves",
    "product_description": "Rocket, spinach and baby lettuce harvested fresh each morning.",
    "current_price": "2.50",
    "product_unit": "PACK",
    "stock_quantity": "80.000",
    "product_stock_threshold": null,
    "harvest_date": "2026-04-23",
    "best_before_date": "2026-04-28",
    "organic_status": "ORGANIC",
    "is_available": true,
    "created_at": "2026-04-23T23:47:43.473Z",
    "updated_at": "2026-05-06T22:47:21.782Z"
  }
},
{
  "model": "marketplace.product",
  "pk": 2,
  "fields": {
    "producer": 1,
    "category": 1,
    "product_name": "Heritage Carrots",
    "product_description": "Purple, yellow and orange heritage varieties — sweeter than standard carrots.",
    "current_price": "1.80",
    "product_unit": "KG",
    "stock_quantity": "50.000",
    "product_stock_threshold": null,
    "harvest_date": "2026-04-22",
    "best_before_date": "2026-05-07",
    "organic_status": "ORGANIC",
    "is_available": true,
    "created_at": "2026-04-23T23:47:43.499Z",
    "updated_at": "2026-05-06T22:46:29.556Z"
  }
},
{
  "model": "marketplace.product",
  "pk": 3,
  "fields": {
    "producer": 1,
    "category": 1,
    "product_name": "Courgettes",
    "product_description": "Tender green courgettes, great for grilling or roasting.",
    "current_price": "2.20",
    "product_unit": "KG",
    "stock_quantity": "40.000",
    "product_stock_threshold": null,
    "harvest_date": "2026-04-23",
    "best_before_date": "2026-04-30",
    "organic_status": "ORGANIC",
    "is_available": true,
    "created_at": "2026-04-23T23:47:43.512Z",
    "updated_at": "2026-05-06T22:46:06.686Z"
  }
},
{
  "model": "marketplace.product",
  "pk": 4,
  "fields": {
    "producer": 1,
    "category": 1,
    "product_name": "New Potatoes",
    "product_description": "Waxy Jersey-style new potatoes freshly dug. Perfect boiled with butter and mint.",
    "current_price": "1.50",
    "product_unit": "KG",
    "stock_quantity": "100.000",
    "product_stock_threshold": null,
    "harvest_date": "2026-04-22",
    "best_before_date": "2026-05-07",
    "organic_status": "ORGANIC",
    "is_available": true,
    "created_at": "2026-04-23T23:47:43.523Z",
    "updated_at": "2026-05-06T22:45:32.398Z"
  }
},
{
  "model": "marketplace.product",
  "pk": 5,
  "fields": {
    "producer": 1,
    "category": 1,
    "product_name": "Leeks",
    "product_description": "Fat, flavourful leeks harvested throughout winter and spring.",
    "current_price": "2.00",
    "product_unit": "BUNCH",
    "stock_quantity": "45.000",
    "product_stock_threshold": null,
    "harvest_date": "2026-04-22",
    "best_before_date": "2026-05-03",
    "organic_status": "ORGANIC",
    "is_available": true,
    "created_at": "2026-04-23T23:47:43.535Z",
    "updated_at": "2026-05-06T22:45:17.178Z"
  }
},
{
  "model": "marketplace.product",
  "pk": 6,
  "fields": {
    "producer": 1,
    "category": 1,
    "product_name": "Butternut Squash",
    "product_description": "Large, golden butternut squash with dense, sweet flesh. Stores well.",
    "current_price": "2.80",
    "product_unit": "EACH",
    "stock_quantity": "30.000",
    "product_stock_threshold": null,
    "harvest_date": "2026-04-23",
    "best_before_date": "2026-06-22",
    "organic_status": "ORGANIC",
    "is_available": true,
    "created_at": "2026-04-23T23:47:43.547Z",
    "updated_at": "2026-05-06T22:44:57.269Z"
  }
},
{
  "model": "marketplace.product",
  "pk": 7,
  "fields": {
    "producer": 1,
    "category": 4,
    "product_name": "Fresh Basil",
    "product_description": "Fragrant sweet basil grown in polytunnels. Sold as a generous cut bunch.",
    "current_price": "1.20",
    "product_unit": "BUNCH",
    "stock_quantity": "60.000",
    "product_stock_threshold": null,
    "harvest_date": "2026-04-23",
    "best_before_date": "2026-04-27",
    "organic_status": "ORGANIC",
    "is_available": true,
    "created_at": "2026-04-23T23:47:43.561Z",
    "updated_at": "2026-05-06T22:44:37.104Z"
  }
},
{
  "model": "marketplace.product",
  "pk": 8,
  "fields": {
    "producer": 1,
    "category": 4,
    "product_name": "Fresh Flat-Leaf Parsley",
    "product_description": "Bright, vibrant flat-leaf parsley. A kitchen staple.",
    "current_price": "1.00",
    "product_unit": "BUNCH",
    "stock_quantity": "55.000",
    "product_stock_threshold": null,
    "harvest_date": "2026-04-23",
    "best_before_date": "2026-04-28",
    "organic_status": "ORGANIC",
    "is_available": true,
    "created_at": "2026-04-23T23:47:43.574Z",
    "updated_at": "2026-05-06T22:41:18.553Z"
  }
},
{
  "model": "marketplace.product",
  "pk": 9,
  "fields": {
    "producer": 3,
    "category": 2,
    "product_name": "Bramley Cooking Apples",
    "product_description": "Classic tart Bramley apples, ideal for pies, crumbles and sauces.",
    "current_price": "2.20",
    "product_unit": "KG",
    "stock_quantity": "60.000",
    "product_stock_threshold": null,
    "harvest_date": "2026-04-21",
    "best_before_date": "2026-05-23",
    "organic_status": "NON_ORGANIC",
    "is_available": true,
    "created_at": "2026-04-23T23:47:43.586Z",
    "updated_at": "2026-05-06T22:41:05.051Z"
  }
},
{
  "model": "marketplace.product",
  "pk": 10,
  "fields": {
    "producer": 3,
    "category": 2,
    "product_name": "Conference Pears",
    "product_description": "Sweet, juicy Conference pears picked at perfect ripeness.",
    "current_price": "2.80",
    "product_unit": "KG",
    "stock_quantity": "40.000",
    "product_stock_threshold": null,
    "harvest_date": "2026-04-22",
    "best_before_date": "2026-05-03",
    "organic_status": "NON_ORGANIC",
    "is_available": true,
    "created_at": "2026-04-23T23:47:43.600Z",
    "updated_at": "2026-05-06T22:39:53.037Z"
  }
},
{
  "model": "marketplace.product",
  "pk": 11,
  "fields": {
    "producer": 3,
    "category": 2,
    "product_name": "Strawberries",
    "product_description": "Sun-ripened strawberries bursting with flavour, picked to order.",
    "current_price": "3.50",
    "product_unit": "PACK",
    "stock_quantity": "35.000",
    "product_stock_threshold": null,
    "harvest_date": "2026-04-23",
    "best_before_date": "2026-04-26",
    "organic_status": "NON_ORGANIC",
    "is_available": true,
    "created_at": "2026-04-23T23:47:43.622Z",
    "updated_at": "2026-05-06T22:39:07.938Z"
  }
},
{
  "model": "marketplace.product",
  "pk": 12,
  "fields": {
    "producer": 3,
    "category": 2,
    "product_name": "Blackberries",
    "product_description": "Wild-hedgerow blackberries hand-picked from the orchard borders.",
    "current_price": "2.50",
    "product_unit": "PACK",
    "stock_quantity": "20.000",
    "product_stock_threshold": null,
    "harvest_date": "2026-04-23",
    "best_before_date": "2026-04-26",
    "organic_status": "ORGANIC",
    "is_available": true,
    "created_at": "2026-04-23T23:47:43.637Z",
    "updated_at": "2026-05-06T22:38:49.759Z"
  }
},
{
  "model": "marketplace.product",
  "pk": 13,
  "fields": {
    "producer": 3,
    "category": 2,
    "product_name": "Rhubarb",
    "product_description": "Tangy forced rhubarb with bright pink stalks. Great for crumbles and jams.",
    "current_price": "1.80",
    "product_unit": "BUNCH",
    "stock_quantity": "30.000",
    "product_stock_threshold": null,
    "harvest_date": "2026-04-22",
    "best_before_date": "2026-04-30",
    "organic_status": "ORGANIC",
    "is_available": true,
    "created_at": "2026-04-23T23:47:43.650Z",
    "updated_at": "2026-05-07T08:04:40.503Z"
  }
},
{
  "model": "marketplace.product",
  "pk": 14,
  "fields": {
    "producer": 2,
    "category": 3,
    "product_name": "Whole Milk (2 L)",
    "product_description": "Full-fat unhomogenised milk from grass-fed Friesians. Cream rises to the top.",
    "current_price": "1.80",
    "product_unit": "EACH",
    "stock_quantity": "120.000",
    "product_stock_threshold": null,
    "harvest_date": "2026-04-23",
    "best_before_date": "2026-04-28",
    "organic_status": "NON_ORGANIC",
    "is_available": true,
    "created_at": "2026-04-23T23:47:43.664Z",
    "updated_at": "2026-05-06T22:38:09.408Z"
  }
},
{
  "model": "marketplace.product",
  "pk": 15,
  "fields": {
    "producer": 2,
    "category": 3,
    "product_name": "Semi-Skimmed Milk (2 L)",
    "product_description": "Light and fresh semi-skimmed milk from our Aberystwyth herd.",
    "current_price": "1.70",
    "product_unit": "EACH",
    "stock_quantity": "80.000",
    "product_stock_threshold": null,
    "harvest_date": "2026-04-23",
    "best_before_date": "2026-04-28",
    "organic_status": "NON_ORGANIC",
    "is_available": true,
    "created_at": "2026-04-23T23:47:43.697Z",
    "updated_at": "2026-05-06T22:37:33.206Z"
  }
},
{
  "model": "marketplace.product",
  "pk": 16,
  "fields": {
    "producer": 2,
    "category": 3,
    "product_name": "Free-Range Eggs (dozen)",
    "product_description": "Large free-range eggs from hens that roam our pastures daily. Rich orange yolks.",
    "current_price": "3.20",
    "product_unit": "DOZEN",
    "stock_quantity": "50.000",
    "product_stock_threshold": null,
    "harvest_date": "2026-04-22",
    "best_before_date": "2026-05-14",
    "organic_status": "NON_ORGANIC",
    "is_available": true,
    "created_at": "2026-04-23T23:47:43.721Z",
    "updated_at": "2026-05-06T22:35:13.803Z"
  }
},
{
  "model": "marketplace.product",
  "pk": 17,
  "fields": {
    "producer": 2,
    "category": 3,
    "product_name": "Salted Butter (250 g)",
    "product_description": "Churned from fresh cream with a pinch of sea salt. Rich and spreadable.",
    "current_price": "2.80",
    "product_unit": "EACH",
    "stock_quantity": "40.000",
    "product_stock_threshold": null,
    "harvest_date": null,
    "best_before_date": "2026-05-23",
    "organic_status": "NON_ORGANIC",
    "is_available": true,
    "created_at": "2026-04-23T23:47:43.743Z",
    "updated_at": "2026-05-06T22:33:50.736Z"
  }
},
{
  "model": "marketplace.product",
  "pk": 18,
  "fields": {
    "producer": 2,
    "category": 3,
    "product_name": "Natural Yoghurt (500 g)",
    "product_description": "Thick, creamy live natural yoghurt. No added sugar or thickeners.",
    "current_price": "2.50",
    "product_unit": "EACH",
    "stock_quantity": "35.000",
    "product_stock_threshold": null,
    "harvest_date": "2026-04-23",
    "best_before_date": "2026-05-07",
    "organic_status": "NON_ORGANIC",
    "is_available": true,
    "created_at": "2026-04-23T23:47:43.766Z",
    "updated_at": "2026-05-06T22:31:17.270Z"
  }
},
{
  "model": "marketplace.product",
  "pk": 19,
  "fields": {
    "producer": 2,
    "category": 3,
    "product_name": "Mature Cheddar (250 g wedge)",
    "product_description": "Handmade 12-month aged cheddar. Crumbly texture with a sharp, nutty flavour.",
    "current_price": "5.80",
    "product_unit": "EACH",
    "stock_quantity": "30.000",
    "product_stock_threshold": null,
    "harvest_date": null,
    "best_before_date": "2026-06-22",
    "organic_status": "NON_ORGANIC",
    "is_available": true,
    "created_at": "2026-04-23T23:47:43.787Z",
    "updated_at": "2026-05-06T22:27:10.060Z"
  }
},
{
  "model": "marketplace.product",
  "pk": 20,
  "fields": {
    "producer": 5,
    "category": 5,
    "product_name": "JakeFood (bread)",
    "product_description": "Bread",
    "current_price": "7.85",
    "product_unit": "EACH",
    "stock_quantity": "20.000",
    "product_stock_threshold": null,
    "harvest_date": "2026-05-06",
    "best_before_date": null,
    "organic_status": "NON_ORGANIC",
    "is_available": true,
    "created_at": "2026-05-06T15:44:36.628Z",
    "updated_at": "2026-05-06T22:26:34.280Z"
  }
},
{
  "model": "marketplace.product",
  "pk": 21,
  "fields": {
    "producer": 4,
    "category": 3,
    "product_name": "Alex Farm Eggs (dozen)",
    "product_description": "Free-range eggs from our happy hens.",
    "current_price": "3.50",
    "product_unit": "DOZEN",
    "stock_quantity": "60.000",
    "product_stock_threshold": null,
    "harvest_date": null,
    "best_before_date": null,
    "organic_status": "NON_ORGANIC",
    "is_available": true,
    "created_at": "2026-05-06T17:22:56.467Z",
    "updated_at": "2026-05-06T22:24:06.438Z"
  }
},
{
  "model": "marketplace.product",
  "pk": 22,
  "fields": {
    "producer": 4,
    "category": 3,
    "product_name": "Duck Eggs (half dozen)",
    "product_description": "Rich, creamy duck eggs — great for baking.",
    "current_price": "2.80",
    "product_unit": "EACH",
    "stock_quantity": "30.000",
    "product_stock_threshold": null,
    "harvest_date": null,
    "best_before_date": null,
    "organic_status": "NON_ORGANIC",
    "is_available": true,
    "created_at": "2026-05-06T17:22:56.476Z",
    "updated_at": "2026-05-06T22:23:46.582Z"
  }
},
{
  "model": "marketplace.product",
  "pk": 23,
  "fields": {
    "producer": 4,
    "category": 3,
    "product_name": "Goat's Cheese (200 g)",
    "product_description": "Soft, tangy goat's cheese made on-site.",
    "current_price": "4.50",
    "product_unit": "EACH",
    "stock_quantity": "25.000",
    "product_stock_threshold": null,
    "harvest_date": null,
    "best_before_date": null,
    "organic_status": "NON_ORGANIC",
    "is_available": true,
    "created_at": "2026-05-06T17:22:56.481Z",
    "updated_at": "2026-05-06T22:22:30.359Z"
  }
},
{
  "model": "marketplace.product",
  "pk": 24,
  "fields": {
    "producer": 4,
    "category": 7,
    "product_name": "Whole Chicken (approx 1.5 kg)",
    "product_description": "Pasture-raised, slow-grown chicken. Delivered fresh.",
    "current_price": "12.00",
    "product_unit": "EACH",
    "stock_quantity": "15.000",
    "product_stock_threshold": null,
    "harvest_date": null,
    "best_before_date": null,
    "organic_status": "NON_ORGANIC",
    "is_available": true,
    "created_at": "2026-05-06T17:22:56.488Z",
    "updated_at": "2026-05-06T22:21:00.158Z"
  }
},
{
  "model": "marketplace.product",
  "pk": 25,
  "fields": {
    "producer": 6,
    "category": 1,
    "product_name": "Baby Spinach (200 g bag)",
    "product_description": "Tender young spinach leaves picked twice weekly.",
    "current_price": "2.00",
    "product_unit": "EACH",
    "stock_quantity": "50.000",
    "product_stock_threshold": null,
    "harvest_date": null,
    "best_before_date": null,
    "organic_status": "ORGANIC",
    "is_available": true,
    "created_at": "2026-05-06T17:22:56.493Z",
    "updated_at": "2026-05-06T22:20:44.040Z"
  }
},
{
  "model": "marketplace.product",
  "pk": 26,
  "fields": {
    "producer": 6,
    "category": 1,
    "product_name": "Curly Kale (bunch)",
    "product_description": "Packed with flavour and nutrients. Great stir-fried.",
    "current_price": "1.80",
    "product_unit": "BUNCH",
    "stock_quantity": "40.000",
    "product_stock_threshold": null,
    "harvest_date": null,
    "best_before_date": null,
    "organic_status": "ORGANIC",
    "is_available": true,
    "created_at": "2026-05-06T17:22:56.497Z",
    "updated_at": "2026-05-06T22:20:11.759Z"
  }
},
{
  "model": "marketplace.product",
  "pk": 27,
  "fields": {
    "producer": 6,
    "category": 1,
    "product_name": "Beetroot (bunch of 4)",
    "product_description": "Deep red, earthy beetroot. Roast whole or grate raw.",
    "current_price": "1.60",
    "product_unit": "BUNCH",
    "stock_quantity": "35.000",
    "product_stock_threshold": null,
    "harvest_date": null,
    "best_before_date": null,
    "organic_status": "ORGANIC",
    "is_available": true,
    "created_at": "2026-05-06T17:22:56.502Z",
    "updated_at": "2026-05-06T22:19:52.702Z"
  }
},
{
  "model": "marketplace.product",
  "pk": 28,
  "fields": {
    "producer": 6,
    "category": 1,
    "product_name": "Radishes (bunch)",
    "product_description": "Crisp and peppery — perfect for salads.",
    "current_price": "1.50",
    "product_unit": "BUNCH",
    "stock_quantity": "30.000",
    "product_stock_threshold": null,
    "harvest_date": null,
    "best_before_date": null,
    "organic_status": "ORGANIC",
    "is_available": true,
    "created_at": "2026-05-06T17:22:56.506Z",
    "updated_at": "2026-05-07T08:36:58.761Z"
  }
},
{
  "model": "marketplace.product",
  "pk": 29,
  "fields": {
    "producer": 5,
    "category": 5,
    "product_name": "Sourdough Loaf",
    "product_description": "Long-fermented sourdough with a crispy crust.",
    "current_price": "4.50",
    "product_unit": "EACH",
    "stock_quantity": "20.000",
    "product_stock_threshold": null,
    "harvest_date": null,
    "best_before_date": null,
    "organic_status": "NON_ORGANIC",
    "is_available": true,
    "created_at": "2026-05-06T17:22:56.510Z",
    "updated_at": "2026-05-06T22:16:31.741Z"
  }
},
{
  "model": "marketplace.product",
  "pk": 30,
  "fields": {
    "producer": 5,
    "category": 5,
    "product_name": "Seeded Wholemeal Loaf",
    "product_description": "Dense, seeded wholemeal baked fresh each morning.",
    "current_price": "3.80",
    "product_unit": "EACH",
    "stock_quantity": "20.000",
    "product_stock_threshold": null,
    "harvest_date": null,
    "best_before_date": null,
    "organic_status": "NON_ORGANIC",
    "is_available": true,
    "created_at": "2026-05-06T17:22:56.515Z",
    "updated_at": "2026-05-06T22:15:54.326Z"
  }
},
{
  "model": "marketplace.product",
  "pk": 31,
  "fields": {
    "producer": 5,
    "category": 6,
    "product_name": "Raw Wildflower Honey (340 g)",
    "product_description": "Unfiltered honey from our hives on the Mendip Hills.",
    "current_price": "5.50",
    "product_unit": "EACH",
    "stock_quantity": "40.000",
    "product_stock_threshold": null,
    "harvest_date": null,
    "best_before_date": null,
    "organic_status": "ORGANIC",
    "is_available": true,
    "created_at": "2026-05-06T17:22:56.519Z",
    "updated_at": "2026-05-06T22:15:20.674Z"
  }
},
{
  "model": "marketplace.product",
  "pk": 32,
  "fields": {
    "producer": 5,
    "category": 6,
    "product_name": "Apple Cider Vinegar (500 ml)",
    "product_description": "Raw, unfiltered ACV with the mother. Unpasteurised.",
    "current_price": "3.20",
    "product_unit": "EACH",
    "stock_quantity": "30.000",
    "product_stock_threshold": null,
    "harvest_date": null,
    "best_before_date": null,
    "organic_status": "ORGANIC",
    "is_available": true,
    "created_at": "2026-05-06T17:22:56.523Z",
    "updated_at": "2026-05-06T21:57:13.589Z"
  }
},
{
  "model": "marketplace.product",
  "pk": 33,
  "fields": {
    "producer": 5,
    "category": 8,
    "product_name": "MilkTest",
    "product_description": "Milk",
    "current_price": "2.80",
    "product_unit": "EACH",
    "stock_quantity": "40.000",
    "product_stock_threshold": null,
    "harvest_date": "2026-05-06",
    "best_before_date": null,
    "organic_status": "NON_ORGANIC",
    "is_available": true,
    "created_at": "2026-05-06T18:18:03.710Z",
    "updated_at": "2026-05-06T21:50:44.120Z"
  }
},
{
  "model": "marketplace.product",
  "pk": 34,
  "fields": {
    "producer": 1,
    "category": 1,
    "product_name": "cherry tomatoes",
    "product_description": "sweet cherry toms ",
    "current_price": "2.50",
    "product_unit": "EACH",
    "stock_quantity": "6.000",
    "product_stock_threshold": "5.000",
    "harvest_date": "2026-05-01",
    "best_before_date": null,
    "organic_status": "NON_ORGANIC",
    "is_available": true,
    "created_at": "2026-05-06T23:14:12.252Z",
    "updated_at": "2026-05-06T23:14:12.252Z"
  }
},
{
  "model": "marketplace.product",
  "pk": 35,
  "fields": {
    "producer": 1,
    "category": 2,
    "product_name": "cherry",
    "product_description": "cherry",
    "current_price": "1.00",
    "product_unit": "EACH",
    "stock_quantity": "14.000",
    "product_stock_threshold": "15.000",
    "harvest_date": "2026-05-21",
    "best_before_date": null,
    "organic_status": "NON_ORGANIC",
    "is_available": true,
    "created_at": "2026-05-06T23:47:52.276Z",
    "updated_at": "2026-05-07T07:51:35.116Z"
  }
},
{
  "model": "marketplace.productimage",
  "pk": 1,
  "fields": {
    "product": 33,
    "image_url": "https://external-content.duckduckgo.com/iu/?u=https%3A%2F%2Fi.pinimg.com%2Foriginals%2F4a%2F13%2Fb6%2F4a13b618e8aeeffa43d963887de6b4d5.jpg&f=1&nofb=1&ipt=8535c286463b3fba68d9e9f2c0af00795ca5b1e8e2378fd8b7b614280bcea2dc",
    "image_sort_order": null
  }
},
{
  "model": "marketplace.productimage",
  "pk": 2,
  "fields": {
    "product": 32,
    "image_url": "https://external-content.duckduckgo.com/iu/?u=https%3A%2F%2Fsophiadecor.com%2Fwp-content%2Fuploads%2F2026%2F01%2Fapple-cider-vinegar-detox-cleanse.jpg.webp&f=1&nofb=1&ipt=fb37564e8433b498d303d201fcd6a8d7fae5158209a75d5bfcf63bf38b99bfbe",
    "image_sort_order": null
  }
},
{
  "model": "marketplace.productimage",
  "pk": 3,
  "fields": {
    "product": 31,
    "image_url": "https://external-content.duckduckgo.com/iu/?u=http%3A%2F%2Ftherawkitchenuk.com%2Fcdn%2Fshop%2Fproducts%2Fwildflower-02.jpg%3Fv%3D1652723401&f=1&nofb=1&ipt=e540c56d1a44ce51963879ce1a99cd07caaf354e23de44a3397e966e36d39bbc",
    "image_sort_order": null
  }
},
{
  "model": "marketplace.productimage",
  "pk": 4,
  "fields": {
    "product": 30,
    "image_url": "https://external-content.duckduckgo.com/iu/?u=https%3A%2F%2Fhumblesydney.com%2Fcdn%2Fshop%2Ffiles%2FSeededLoaf1_800x.png%3Fv%3D1714966725&f=1&nofb=1&ipt=2c58ad6e2aea486064cb5dfac52dbdf61ee2ed978dd84473c94058a808aee6fa",
    "image_sort_order": null
  }
},
{
  "model": "marketplace.productimage",
  "pk": 5,
  "fields": {
    "product": 29,
    "image_url": "https://external-content.duckduckgo.com/iu/?u=https%3A%2F%2Fimages.squarespace-cdn.com%2Fcontent%2Fv1%2F5c2d2d10b27e398709a72eb2%2F1589136385966-J3QKIEHAL8918AMAHF4Q%2Fbeginner_sourdough_bread_recipe.jpg&f=1&nofb=1&ipt=f8ff56e4270b2ae03818c16031966a84f0df483266c918818d4f95f88df2ca78",
    "image_sort_order": null
  }
},
{
  "model": "marketplace.productimage",
  "pk": 6,
  "fields": {
    "product": 28,
    "image_url": "https://external-content.duckduckgo.com/iu/?u=https%3A%2F%2Fcdn.shopify.com%2Fs%2Ffiles%2F1%2F2296%2F4361%2Fproducts%2Fradish-red_5c72a7c3-7f62-4ccb-a7a2-b953da989f88_530x%402x.jpg%3Fv%3D1516168600&f=1&nofb=1&ipt=89aa12a40c9b289419c1c65c7c8a9e004bd2fb07bc719ec2ca9564fe05305adf",
    "image_sort_order": null
  }
},
{
  "model": "marketplace.productimage",
  "pk": 7,
  "fields": {
    "product": 27,
    "image_url": "https://external-content.duckduckgo.com/iu/?u=https%3A%2F%2Ficaneatarainbow.com.au%2Fwp-content%2Fuploads%2F2019%2F03%2Fbeetroot-bunch-smaller.jpg&f=1&nofb=1&ipt=aa07fc4275eacdc9993a3d6da03bef9155c84d4ae74592f5eb625487b259085c",
    "image_sort_order": null
  }
},
{
  "model": "marketplace.productimage",
  "pk": 8,
  "fields": {
    "product": 26,
    "image_url": "https://external-content.duckduckgo.com/iu/?u=https%3A%2F%2Fcleangenesfarm.com%2Fwp-content%2Fuploads%2F2020%2F04%2Fcurly-kale-1024x791.png&f=1&nofb=1&ipt=bc9e5ccafe5bfe316e1457de6133cf004d28d89647c139774d24a087bd14709b",
    "image_sort_order": null
  }
},
{
  "model": "marketplace.productimage",
  "pk": 9,
  "fields": {
    "product": 25,
    "image_url": "https://external-content.duckduckgo.com/iu/?u=https%3A%2F%2Fzenxin.com.sg%2Fcdn%2Fshop%2Ffiles%2FBaby-spinach-1800-x-1800-1.jpg%3Fv%3D1730644881&f=1&nofb=1&ipt=2d2f3ffc9ce9c9829285d16236033e52c18cef60bb51f1cbef443f52e56dbd42",
    "image_sort_order": null
  }
},
{
  "model": "marketplace.productimage",
  "pk": 10,
  "fields": {
    "product": 24,
    "image_url": "https://external-content.duckduckgo.com/iu/?u=https%3A%2F%2Fthumbs.dreamstime.com%2Fb%2Fwhole-raw-chicken-white-plate-39718050.jpg&f=1&nofb=1&ipt=1e79014c8bf2da253e78e76a4ecb9bf161aeac66e2fb583ed1c8cff75d93e85d",
    "image_sort_order": null
  }
},
{
  "model": "marketplace.productimage",
  "pk": 11,
  "fields": {
    "product": 23,
    "image_url": "https://external-content.duckduckgo.com/iu/?u=https%3A%2F%2Fwww.healthbenefitstimes.com%2F9%2Fgallery%2Fgoat-cheese%2FGoat-cheese-6.jpg&f=1&nofb=1&ipt=e1ccbbbb3b008bf12205da817567e959a392da083f2b9ba2bc5c88f6bec65e1e",
    "image_sort_order": null
  }
},
{
  "model": "marketplace.productimage",
  "pk": 12,
  "fields": {
    "product": 22,
    "image_url": "https://external-content.duckduckgo.com/iu/?u=https%3A%2F%2Fegs-home.co.uk%2Fimage%2Fcache%2Fcatalog%2Fproducts%2Ffood%2Ffresh_food%2Fduck_eggs-1200x1200.jpg&f=1&nofb=1&ipt=3b1dafa311d2177701b98e7adebf30fd88a23c7ee8e1d27cd27b94bcd611dc00",
    "image_sort_order": null
  }
},
{
  "model": "marketplace.productimage",
  "pk": 13,
  "fields": {
    "product": 21,
    "image_url": "https://external-content.duckduckgo.com/iu/?u=https%3A%2F%2Fgofflepoultry.com%2Fwp-content%2Fuploads%2F2020%2F05%2FExtraLargeBrownDozen2-768x510.png&f=1&nofb=1&ipt=0bd5d3ca1ca692e53415fbe319581a59329f206a67229fa76624aaf5a31d3b14",
    "image_sort_order": null
  }
},
{
  "model": "marketplace.productimage",
  "pk": 14,
  "fields": {
    "product": 20,
    "image_url": "https://external-content.duckduckgo.com/iu/?u=https%3A%2F%2Fwww.recipesbylayla.com%2Fwp-content%2Fuploads%2F2025%2F10%2Fqqt81niml047iurrhalm.webp&f=1&nofb=1&ipt=b0befeec42cb39fccf012270dfb3fd38e4ac75f4fa4498cb153890da238ca983",
    "image_sort_order": null
  }
},
{
  "model": "marketplace.productimage",
  "pk": 15,
  "fields": {
    "product": 19,
    "image_url": "https://external-content.duckduckgo.com/iu/?u=https%3A%2F%2Ftse3.mm.bing.net%2Fth%2Fid%2FOIP.G73SHZXeGkEea1Ci2oIDNgHaHa%3Fr%3D0%26pid%3DApi&f=1&ipt=1cbb1a3c5ea6af2fa47a13994d44c145aacc89735f89a1fbcb89a78d5b028c68",
    "image_sort_order": null
  }
},
{
  "model": "marketplace.productimage",
  "pk": 16,
  "fields": {
    "product": 18,
    "image_url": "https://external-content.duckduckgo.com/iu/?u=https%3A%2F%2Fimg.freepik.com%2Fpremium-photo%2Fnatural-yogurt_51137-1862.jpg&f=1&nofb=1&ipt=0412f9ef013d38df6323c7cf33fed3a981dc524833b0acdde7cd93cb58b5a32f",
    "image_sort_order": null
  }
},
{
  "model": "marketplace.productimage",
  "pk": 17,
  "fields": {
    "product": 17,
    "image_url": "https://external-content.duckduckgo.com/iu/?u=https%3A%2F%2Fwww.jessicagavin.com%2Fwp-content%2Fuploads%2F2022%2F10%2Ftypes-of-butter-unsalted.jpg&f=1&nofb=1&ipt=4167686c682794c3bd62635b3124d0dd978c82c64f52698e1b2b87c5f5a053c3",
    "image_sort_order": null
  }
},
{
  "model": "marketplace.productimage",
  "pk": 18,
  "fields": {
    "product": 16,
    "image_url": "https://external-content.duckduckgo.com/iu/?u=https%3A%2F%2Fassets.wedeliverlocal.co.uk%2Fcdn%2Fproducts%2FUploads%2FBEE_eggs12large.jpg%3Fw%3D1000&f=1&nofb=1&ipt=20d53e1e066f94bf6a82f287bc64c7c8d9403bb69121d9823455fd7687407bf9",
    "image_sort_order": null
  }
},
{
  "model": "marketplace.productimage",
  "pk": 19,
  "fields": {
    "product": 15,
    "image_url": "https://external-content.duckduckgo.com/iu/?u=https%3A%2F%2Fstatic.oakhousefoods.co.uk%2Fmedia%2Fcatalog%2Fproduct%2Fcache%2F336111bc363ebdc007831e2145326566%2FG%2F4%2FG4008.jpg&f=1&nofb=1&ipt=7de6cddedc7de31770af67a83e93b62f821cff74bb0e211e5c20b9935ef65804",
    "image_sort_order": null
  }
},
{
  "model": "marketplace.productimage",
  "pk": 20,
  "fields": {
    "product": 14,
    "image_url": "https://external-content.duckduckgo.com/iu/?u=https%3A%2F%2Fwww.firstchoiceproduce.com%2Fwp-content%2Fuploads%2F2020%2F03%2Fwhole-milk-800x800.jpg&f=1&nofb=1&ipt=85d88bfd9120cdcfc1556e027d7647a74cdb13fce1e65fa3a5f881697f6db760",
    "image_sort_order": null
  }
},
{
  "model": "marketplace.productimage",
  "pk": 21,
  "fields": {
    "product": 13,
    "image_url": "https://external-content.duckduckgo.com/iu/?u=https%3A%2F%2Fwww.allrecipes.com%2Fthmb%2F6Rz8J0ZHP3uTtGDB9ZGy-X3Z8QI%3D%2F1500x0%2Ffilters%3Ano_upscale()%3Amax_bytes(150000)%3Astrip_icc()%2F102351775-fresh-rhubarb-stalks-and-leaves-photo-by-meredith-2000-f5764e874f044f45967cddfd86bf93e4.jpg&f=1&nofb=1&ipt=6c3a9f8c0b4ffebe219f2600163a22ab84d94f68c6ae922101d2cc364cc6b284",
    "image_sort_order": null
  }
},
{
  "model": "marketplace.productimage",
  "pk": 22,
  "fields": {
    "product": 12,
    "image_url": "https://external-content.duckduckgo.com/iu/?u=https%3A%2F%2Ffreshfood2u.co%2Fcdn%2Fshop%2Fproducts%2Fblackberries_bf77c435-2b7c-48d1-8127-c15512e58304.jpg%3Fv%3D1740566600%26width%3D1214&f=1&nofb=1&ipt=f2c7d46c40e6f475407a6b147f7c202097541d11e1375d788edc3f16ff772548",
    "image_sort_order": null
  }
},
{
  "model": "marketplace.productimage",
  "pk": 23,
  "fields": {
    "product": 11,
    "image_url": "https://external-content.duckduckgo.com/iu/?u=https%3A%2F%2Fcdn.shopify.com%2Fs%2Ffiles%2F1%2F0206%2F9470%2Fproducts%2Fstrawberries-premium-punnet-done_1024x1024.jpg%3Fv%3D1558307907&f=1&nofb=1&ipt=2869cb8cb0d986d45cb800d82f98b6b3dbeaffb980109aab70afb1827539ef56",
    "image_sort_order": null
  }
},
{
  "model": "marketplace.productimage",
  "pk": 24,
  "fields": {
    "product": 10,
    "image_url": "https://external-content.duckduckgo.com/iu/?u=https%3A%2F%2Fcdn.ecommercedns.uk%2Ffiles%2F9%2F252449%2F6%2F38246506%2Fdownload-18.jpg&f=1&nofb=1&ipt=9c0ef81816d11cfc5c90e449fc221419eaa42e679f5bcf787996c5a2deda5cd4",
    "image_sort_order": null
  }
},
{
  "model": "marketplace.productimage",
  "pk": 25,
  "fields": {
    "product": 9,
    "image_url": "https://external-content.duckduckgo.com/iu/?u=https%3A%2F%2Fwww.kerrysfresh.co.uk%2Fwp-content%2Fuploads%2F2016%2F08%2FBramley-Apples.jpg&f=1&nofb=1&ipt=acdc7e310bcdee5b15d32d281e83c21e7eaf1b7ac76cd40bbdf4c561b44e3884",
    "image_sort_order": null
  }
},
{
  "model": "marketplace.productimage",
  "pk": 26,
  "fields": {
    "product": 8,
    "image_url": "https://external-content.duckduckgo.com/iu/?u=https%3A%2F%2Fwww.creamline.co.uk%2Fstorage%2Fimages%2Fcatalogue%2Ffresh-bunch-of-flat-leaf-parsley.jpg&f=1&nofb=1&ipt=95c1b29af645d7d1eba48a7d583b458376f5c2ca5fe41ff85b6977fe1fe99b29",
    "image_sort_order": null
  }
},
{
  "model": "marketplace.productimage",
  "pk": 27,
  "fields": {
    "product": 7,
    "image_url": "https://external-content.duckduckgo.com/iu/?u=https%3A%2F%2Fimagecdn.websitebuilder.prositehosting.co.uk%2Fe3%2Fe3%2Fe3e3c601-09b3-4489-a92d-8c49d55f56ec.jpg&f=1&nofb=1&ipt=850fb14ef7f88f2a337a5652acc6f76e79810c91ceab4f68a606e108266d5b43",
    "image_sort_order": null
  }
},
{
  "model": "marketplace.productimage",
  "pk": 28,
  "fields": {
    "product": 6,
    "image_url": "https://external-content.duckduckgo.com/iu/?u=https%3A%2F%2Fwww.publicdomainpictures.net%2Fpictures%2F30000%2Fvelka%2Fisolated-butternut-squash.jpg&f=1&nofb=1&ipt=d844b4463ac3b3d8dcd80fee5197e84ee3cfa2f35ec5e08e2ed0df27c90dc8a3",
    "image_sort_order": null
  }
},
{
  "model": "marketplace.productimage",
  "pk": 29,
  "fields": {
    "product": 5,
    "image_url": "https://external-content.duckduckgo.com/iu/?u=https%3A%2F%2Fwww.simplyrecipes.com%2Fthmb%2Fy91r2KDzeok5ARPeh_Wcv7MEq30%3D%2F1500x0%2Ffilters%3Ano_upscale()%3Amax_bytes(150000)%3Astrip_icc()%2FSimply-Recipes-Leeks-17-1b645cf53c684a7db50b78858f6bc7a5.jpg&f=1&nofb=1&ipt=49c0ec32fff08d01aa46558f5032f36229d361976b6cd18c89dd7d7f857b8e46",
    "image_sort_order": null
  }
},
{
  "model": "marketplace.productimage",
  "pk": 30,
  "fields": {
    "product": 4,
    "image_url": "https://external-content.duckduckgo.com/iu/?u=https%3A%2F%2Fi0.wp.com%2Fwww.cowdray.co.uk%2Fwp-content%2Fuploads%2F2023%2F05%2FNew-Potato-Cowdray17-05-23MattAustin-91-scaled.jpg%3Ffit%3D1600%252C1066%26ssl%3D1&f=1&nofb=1&ipt=44127d3b0dd2831068a6f1a8027c773217c0bf595a7c1a3bcf7a1b13b488c02e",
    "image_sort_order": null
  }
},
{
  "model": "marketplace.productimage",
  "pk": 31,
  "fields": {
    "product": 3,
    "image_url": "https://external-content.duckduckgo.com/iu/?u=https%3A%2F%2Fzoewoodwardgardening.com%2Fwp-content%2Fuploads%2F2020%2F12%2FCourgette-Romanesco-Cucurbita-Pepo-1-8.jpg&f=1&nofb=1&ipt=83e7d86a414ca6be39c8dd93de4bc06b624c64233712226a86789039185006e7",
    "image_sort_order": null
  }
},
{
  "model": "marketplace.productimage",
  "pk": 32,
  "fields": {
    "product": 2,
    "image_url": "https://external-content.duckduckgo.com/iu/?u=https%3A%2F%2Ftse4.mm.bing.net%2Fth%2Fid%2FOIP.cYWLWtndqnNsJGg-rzWzNQHaLG%3Fpid%3DApi&f=1&ipt=2583d8e2d77da0830f53899b4bd946817de248b06a89feb2b955988e4611f2a3",
    "image_sort_order": null
  }
},
{
  "model": "marketplace.productimage",
  "pk": 33,
  "fields": {
    "product": 1,
    "image_url": "https://external-content.duckduckgo.com/iu/?u=https%3A%2F%2Fwww.lovethegarden.com%2Fsites%2Fdefault%2Ffiles%2Fcontent%2Farticles%2FUK_fresh-mixed-salad-leaves.jpg&f=1&nofb=1&ipt=aaff13534e7d303da2e081655c9b2406398a942a7324138c79e95170dd2ec07f",
    "image_sort_order": null
  }
},
{
  "model": "marketplace.productimage",
  "pk": 34,
  "fields": {
    "product": 34,
    "image_url": "https://www.shutterstock.com/image-photo/flat-lay-composition-fresh-cherry-600nw-2477400113.jpg",
    "image_sort_order": null
  }
},
{
  "model": "marketplace.productimage",
  "pk": 35,
  "fields": {
    "product": 35,
    "image_url": "https://media.istockphoto.com/id/612524020/photo/fresh-ripe-black-cherries-background-top-view-close-up.webp?b=1&s=612x612&w=0&k=20&c=aLjv58VU5rqECynAr9-b5YHm2cLsZ1Jo62p-1l22PMQ=",
    "image_sort_order": null
  }
},
{
  "model": "marketplace.allergen",
  "pk": 1,
  "fields": {
    "allergen_name": "Gluten"
  }
},
{
  "model": "marketplace.allergen",
  "pk": 2,
  "fields": {
    "allergen_name": "Milk"
  }
},
{
  "model": "marketplace.allergen",
  "pk": 3,
  "fields": {
    "allergen_name": "Eggs"
  }
},
{
  "model": "marketplace.allergen",
  "pk": 4,
  "fields": {
    "allergen_name": "Tree Nuts"
  }
},
{
  "model": "marketplace.allergen",
  "pk": 5,
  "fields": {
    "allergen_name": "Soya"
  }
},
{
  "model": "marketplace.allergen",
  "pk": 6,
  "fields": {
    "allergen_name": "Sesame"
  }
},
{
  "model": "marketplace.allergen",
  "pk": 7,
  "fields": {
    "allergen_name": "Sulphites"
  }
},
{
  "model": "marketplace.productallergen",
  "pk": 1,
  "fields": {
    "product": 14,
    "allergen": 2
  }
},
{
  "model": "marketplace.productallergen",
  "pk": 2,
  "fields": {
    "product": 15,
    "allergen": 2
  }
},
{
  "model": "marketplace.productallergen",
  "pk": 3,
  "fields": {
    "product": 16,
    "allergen": 3
  }
},
{
  "model": "marketplace.productallergen",
  "pk": 4,
  "fields": {
    "product": 17,
    "allergen": 2
  }
},
{
  "model": "marketplace.productallergen",
  "pk": 5,
  "fields": {
    "product": 18,
    "allergen": 2
  }
},
{
  "model": "marketplace.productallergen",
  "pk": 6,
  "fields": {
    "product": 19,
    "allergen": 2
  }
},
{
  "model": "marketplace.productallergen",
  "pk": 7,
  "fields": {
    "product": 33,
    "allergen": 2
  }
},
{
  "model": "marketplace.productavailabilitywindow",
  "pk": 1,
  "fields": {
    "product": 1,
    "availability_type": "SEASONAL",
    "start_month": 4,
    "end_month": 10
  }
},
{
  "model": "marketplace.productavailabilitywindow",
  "pk": 2,
  "fields": {
    "product": 2,
    "availability_type": "YEAR_ROUND",
    "start_month": null,
    "end_month": null
  }
},
{
  "model": "marketplace.productavailabilitywindow",
  "pk": 3,
  "fields": {
    "product": 3,
    "availability_type": "SEASONAL",
    "start_month": 6,
    "end_month": 9
  }
},
{
  "model": "marketplace.productavailabilitywindow",
  "pk": 4,
  "fields": {
    "product": 4,
    "availability_type": "SEASONAL",
    "start_month": 5,
    "end_month": 8
  }
},
{
  "model": "marketplace.productavailabilitywindow",
  "pk": 5,
  "fields": {
    "product": 5,
    "availability_type": "SEASONAL",
    "start_month": 10,
    "end_month": 3
  }
},
{
  "model": "marketplace.productavailabilitywindow",
  "pk": 6,
  "fields": {
    "product": 6,
    "availability_type": "SEASONAL",
    "start_month": 9,
    "end_month": 12
  }
},
{
  "model": "marketplace.productavailabilitywindow",
  "pk": 7,
  "fields": {
    "product": 7,
    "availability_type": "YEAR_ROUND",
    "start_month": null,
    "end_month": null
  }
},
{
  "model": "marketplace.productavailabilitywindow",
  "pk": 8,
  "fields": {
    "product": 8,
    "availability_type": "YEAR_ROUND",
    "start_month": null,
    "end_month": null
  }
},
{
  "model": "marketplace.productavailabilitywindow",
  "pk": 9,
  "fields": {
    "product": 9,
    "availability_type": "SEASONAL",
    "start_month": 9,
    "end_month": 2
  }
},
{
  "model": "marketplace.productavailabilitywindow",
  "pk": 10,
  "fields": {
    "product": 10,
    "availability_type": "SEASONAL",
    "start_month": 9,
    "end_month": 11
  }
},
{
  "model": "marketplace.productavailabilitywindow",
  "pk": 11,
  "fields": {
    "product": 11,
    "availability_type": "SEASONAL",
    "start_month": 6,
    "end_month": 8
  }
},
{
  "model": "marketplace.productavailabilitywindow",
  "pk": 12,
  "fields": {
    "product": 12,
    "availability_type": "SEASONAL",
    "start_month": 8,
    "end_month": 10
  }
},
{
  "model": "marketplace.productavailabilitywindow",
  "pk": 14,
  "fields": {
    "product": 14,
    "availability_type": "YEAR_ROUND",
    "start_month": null,
    "end_month": null
  }
},
{
  "model": "marketplace.productavailabilitywindow",
  "pk": 15,
  "fields": {
    "product": 15,
    "availability_type": "YEAR_ROUND",
    "start_month": null,
    "end_month": null
  }
},
{
  "model": "marketplace.productavailabilitywindow",
  "pk": 16,
  "fields": {
    "product": 16,
    "availability_type": "YEAR_ROUND",
    "start_month": null,
    "end_month": null
  }
},
{
  "model": "marketplace.productavailabilitywindow",
  "pk": 17,
  "fields": {
    "product": 17,
    "availability_type": "YEAR_ROUND",
    "start_month": null,
    "end_month": null
  }
},
{
  "model": "marketplace.productavailabilitywindow",
  "pk": 18,
  "fields": {
    "product": 18,
    "availability_type": "YEAR_ROUND",
    "start_month": null,
    "end_month": null
  }
},
{
  "model": "marketplace.productavailabilitywindow",
  "pk": 19,
  "fields": {
    "product": 19,
    "availability_type": "YEAR_ROUND",
    "start_month": null,
    "end_month": null
  }
},
{
  "model": "marketplace.productavailabilitywindow",
  "pk": 24,
  "fields": {
    "product": 35,
    "availability_type": "YEAR_ROUND",
    "start_month": null,
    "end_month": null
  }
},
{
  "model": "marketplace.productavailabilitywindow",
  "pk": 25,
  "fields": {
    "product": 13,
    "availability_type": "SEASONAL",
    "start_month": 1,
    "end_month": 4
  }
},
{
  "model": "marketplace.productdeal",
  "pk": 1,
  "fields": {
    "product": 10,
    "discount_percentage": "10.00",
    "expires_at": "2026-04-28T00:00:00Z",
    "note": null,
    "is_active": true
  }
},
{
  "model": "marketplace.productdeal",
  "pk": 3,
  "fields": {
    "product": 8,
    "discount_percentage": "20.00",
    "expires_at": "2026-05-15T07:56:00Z",
    "note": null,
    "is_active": false
  }
},
{
  "model": "marketplace.productdeal",
  "pk": 6,
  "fields": {
    "product": 35,
    "discount_percentage": "20.00",
    "expires_at": "2026-05-08T08:00:00Z",
    "note": "",
    "is_active": false
  }
},
{
  "model": "marketplace.review",
  "pk": 1,
  "fields": {
    "product": 35,
    "customer": 10,
    "rating": 5,
    "comment": "sweet and tasty!",
    "created_at": "2026-05-07T05:02:39.587Z"
  }
},
{
  "model": "marketplace.cart",
  "pk": 1,
  "fields": {
    "customer": 4,
    "created_at": "2026-05-06T17:25:59.372Z",
    "updated_at": "2026-05-06T17:25:59.372Z"
  }
},
{
  "model": "marketplace.cart",
  "pk": 2,
  "fields": {
    "customer": 1,
    "created_at": "2026-05-06T23:21:12.132Z",
    "updated_at": "2026-05-06T23:21:12.132Z"
  }
},
{
  "model": "marketplace.cart",
  "pk": 3,
  "fields": {
    "customer": 2,
    "created_at": "2026-05-06T23:48:34.931Z",
    "updated_at": "2026-05-06T23:48:34.931Z"
  }
},
{
  "model": "marketplace.cartitem",
  "pk": 7,
  "fields": {
    "cart": 2,
    "product": 35,
    "product_cart_quantity": 2
  }
},
{
  "model": "marketplace.order",
  "pk": 1,
  "fields": {
    "customer": 1,
    "delivery_address": 4,
    "placed_at": "2026-04-17T10:30:00Z",
    "order_status": "PAID",
    "total_amount": "20.40"
  }
},
{
  "model": "marketplace.order",
  "pk": 2,
  "fields": {
    "customer": 2,
    "delivery_address": 5,
    "placed_at": "2026-04-24T09:15:00Z",
    "order_status": "PAID",
    "total_amount": "24.20"
  }
},
{
  "model": "marketplace.order",
  "pk": 3,
  "fields": {
    "customer": 3,
    "delivery_address": 6,
    "placed_at": "2026-05-01T11:00:00Z",
    "order_status": "PAID",
    "total_amount": "43.40"
  }
},
{
  "model": "marketplace.order",
  "pk": 4,
  "fields": {
    "customer": 1,
    "delivery_address": 4,
    "placed_at": "2026-05-05T14:20:00Z",
    "order_status": "PENDING",
    "total_amount": "9.30"
  }
},
{
  "model": "marketplace.order",
  "pk": 5,
  "fields": {
    "customer": 4,
    "delivery_address": 8,
    "placed_at": "2026-05-06T15:24:15.769Z",
    "order_status": "PENDING",
    "total_amount": "10.29"
  }
},
{
  "model": "marketplace.order",
  "pk": 6,
  "fields": {
    "customer": 4,
    "delivery_address": 10,
    "placed_at": "2026-05-06T15:46:10.566Z",
    "order_status": "PAID",
    "total_amount": "27.54"
  }
},
{
  "model": "marketplace.order",
  "pk": 7,
  "fields": {
    "customer": 1,
    "delivery_address": 12,
    "placed_at": "2026-03-31T09:00:00Z",
    "order_status": "PAID",
    "total_amount": "18.60"
  }
},
{
  "model": "marketplace.order",
  "pk": 8,
  "fields": {
    "customer": 2,
    "delivery_address": 13,
    "placed_at": "2026-04-02T11:00:00Z",
    "order_status": "PAID",
    "total_amount": "27.10"
  }
},
{
  "model": "marketplace.order",
  "pk": 9,
  "fields": {
    "customer": 3,
    "delivery_address": 14,
    "placed_at": "2026-04-07T10:00:00Z",
    "order_status": "PAID",
    "total_amount": "27.40"
  }
},
{
  "model": "marketplace.order",
  "pk": 10,
  "fields": {
    "customer": 4,
    "delivery_address": 15,
    "placed_at": "2026-04-09T14:00:00Z",
    "order_status": "PAID",
    "total_amount": "14.10"
  }
},
{
  "model": "marketplace.order",
  "pk": 11,
  "fields": {
    "customer": 1,
    "delivery_address": 16,
    "placed_at": "2026-04-14T09:00:00Z",
    "order_status": "PAID",
    "total_amount": "28.20"
  }
},
{
  "model": "marketplace.order",
  "pk": 12,
  "fields": {
    "customer": 2,
    "delivery_address": 17,
    "placed_at": "2026-04-16T11:00:00Z",
    "order_status": "PAID",
    "total_amount": "37.70"
  }
},
{
  "model": "marketplace.order",
  "pk": 13,
  "fields": {
    "customer": 4,
    "delivery_address": 18,
    "placed_at": "2026-04-17T15:00:00Z",
    "order_status": "CANCELLED",
    "total_amount": "15.90"
  }
},
{
  "model": "marketplace.order",
  "pk": 14,
  "fields": {
    "customer": 3,
    "delivery_address": 19,
    "placed_at": "2026-04-21T10:00:00Z",
    "order_status": "PAID",
    "total_amount": "73.20"
  }
},
{
  "model": "marketplace.order",
  "pk": 15,
  "fields": {
    "customer": 1,
    "delivery_address": 20,
    "placed_at": "2026-04-24T09:00:00Z",
    "order_status": "PAID",
    "total_amount": "18.80"
  }
},
{
  "model": "marketplace.order",
  "pk": 16,
  "fields": {
    "customer": 4,
    "delivery_address": 21,
    "placed_at": "2026-04-25T13:00:00Z",
    "order_status": "PAID",
    "total_amount": "19.20"
  }
},
{
  "model": "marketplace.order",
  "pk": 17,
  "fields": {
    "customer": 2,
    "delivery_address": 22,
    "placed_at": "2026-04-28T11:00:00Z",
    "order_status": "PAID",
    "total_amount": "37.50"
  }
},
{
  "model": "marketplace.order",
  "pk": 18,
  "fields": {
    "customer": 3,
    "delivery_address": 23,
    "placed_at": "2026-04-30T10:00:00Z",
    "order_status": "PAID",
    "total_amount": "58.70"
  }
},
{
  "model": "marketplace.order",
  "pk": 19,
  "fields": {
    "customer": 1,
    "delivery_address": 24,
    "placed_at": "2026-05-01T09:00:00Z",
    "order_status": "PAID",
    "total_amount": "23.80"
  }
},
{
  "model": "marketplace.order",
  "pk": 20,
  "fields": {
    "customer": 2,
    "delivery_address": 25,
    "placed_at": "2026-05-05T09:00:00Z",
    "order_status": "PENDING",
    "total_amount": "35.40"
  }
},
{
  "model": "marketplace.order",
  "pk": 21,
  "fields": {
    "customer": 3,
    "delivery_address": 26,
    "placed_at": "2026-05-05T11:00:00Z",
    "order_status": "PENDING",
    "total_amount": "48.40"
  }
},
{
  "model": "marketplace.order",
  "pk": 22,
  "fields": {
    "customer": 1,
    "delivery_address": 27,
    "placed_at": "2026-05-06T08:00:00Z",
    "order_status": "PENDING",
    "total_amount": "14.70"
  }
},
{
  "model": "marketplace.order",
  "pk": 23,
  "fields": {
    "customer": 4,
    "delivery_address": 28,
    "placed_at": "2026-05-06T13:00:00Z",
    "order_status": "PENDING",
    "total_amount": "19.90"
  }
},
{
  "model": "marketplace.order",
  "pk": 24,
  "fields": {
    "customer": 4,
    "delivery_address": 29,
    "placed_at": "2026-05-06T17:41:40.752Z",
    "order_status": "PAID",
    "total_amount": "157.00"
  }
},
{
  "model": "marketplace.order",
  "pk": 25,
  "fields": {
    "customer": 4,
    "delivery_address": 30,
    "placed_at": "2026-05-06T18:18:55.127Z",
    "order_status": "PAID",
    "total_amount": "20.79"
  }
},
{
  "model": "marketplace.order",
  "pk": 26,
  "fields": {
    "customer": 4,
    "delivery_address": 31,
    "placed_at": "2026-05-06T18:40:20.551Z",
    "order_status": "PAID",
    "total_amount": "392.50"
  }
},
{
  "model": "marketplace.order",
  "pk": 27,
  "fields": {
    "customer": 1,
    "delivery_address": 32,
    "placed_at": "2026-05-06T23:22:03.950Z",
    "order_status": "PENDING",
    "total_amount": "8.99"
  }
},
{
  "model": "marketplace.order",
  "pk": 28,
  "fields": {
    "customer": 2,
    "delivery_address": 33,
    "placed_at": "2026-05-06T23:49:24.147Z",
    "order_status": "PENDING",
    "total_amount": "9.99"
  }
},
{
  "model": "marketplace.order",
  "pk": 29,
  "fields": {
    "customer": 4,
    "delivery_address": 34,
    "placed_at": "2026-05-07T01:19:05.315Z",
    "order_status": "PENDING",
    "total_amount": "6.99"
  }
},
{
  "model": "marketplace.order",
  "pk": 30,
  "fields": {
    "customer": 4,
    "delivery_address": 35,
    "placed_at": "2026-05-07T05:10:45.428Z",
    "order_status": "PENDING",
    "total_amount": "12.59"
  }
},
{
  "model": "marketplace.orderproducer",
  "pk": 1,
  "fields": {
    "order": 1,
    "producer": 1,
    "status": "DELIVERED"
  }
},
{
  "model": "marketplace.orderproducer",
  "pk": 2,
  "fields": {
    "order": 1,
    "producer": 2,
    "status": "DELIVERED"
  }
},
{
  "model": "marketplace.orderproducer",
  "pk": 3,
  "fields": {
    "order": 2,
    "producer": 1,
    "status": "DELIVERED"
  }
},
{
  "model": "marketplace.orderproducer",
  "pk": 4,
  "fields": {
    "order": 2,
    "producer": 3,
    "status": "DELIVERED"
  }
},
{
  "model": "marketplace.orderproducer",
  "pk": 5,
  "fields": {
    "order": 3,
    "producer": 1,
    "status": "DELIVERED"
  }
},
{
  "model": "marketplace.orderproducer",
  "pk": 6,
  "fields": {
    "order": 3,
    "producer": 2,
    "status": "DELIVERED"
  }
},
{
  "model": "marketplace.orderproducer",
  "pk": 7,
  "fields": {
    "order": 3,
    "producer": 3,
    "status": "DELIVERED"
  }
},
{
  "model": "marketplace.orderproducer",
  "pk": 8,
  "fields": {
    "order": 4,
    "producer": 1,
    "status": "PENDING"
  }
},
{
  "model": "marketplace.orderproducer",
  "pk": 9,
  "fields": {
    "order": 5,
    "producer": 1,
    "status": "PENDING"
  }
},
{
  "model": "marketplace.orderproducer",
  "pk": 10,
  "fields": {
    "order": 6,
    "producer": 5,
    "status": "DELIVERED"
  }
},
{
  "model": "marketplace.orderproducer",
  "pk": 11,
  "fields": {
    "order": 7,
    "producer": 1,
    "status": "DELIVERED"
  }
},
{
  "model": "marketplace.orderproducer",
  "pk": 12,
  "fields": {
    "order": 7,
    "producer": 2,
    "status": "DELIVERED"
  }
},
{
  "model": "marketplace.orderproducer",
  "pk": 13,
  "fields": {
    "order": 8,
    "producer": 1,
    "status": "DELIVERED"
  }
},
{
  "model": "marketplace.orderproducer",
  "pk": 14,
  "fields": {
    "order": 8,
    "producer": 3,
    "status": "DELIVERED"
  }
},
{
  "model": "marketplace.orderproducer",
  "pk": 15,
  "fields": {
    "order": 9,
    "producer": 2,
    "status": "DELIVERED"
  }
},
{
  "model": "marketplace.orderproducer",
  "pk": 16,
  "fields": {
    "order": 10,
    "producer": 1,
    "status": "DELIVERED"
  }
},
{
  "model": "marketplace.orderproducer",
  "pk": 17,
  "fields": {
    "order": 10,
    "producer": 6,
    "status": "DELIVERED"
  }
},
{
  "model": "marketplace.orderproducer",
  "pk": 18,
  "fields": {
    "order": 11,
    "producer": 3,
    "status": "DELIVERED"
  }
},
{
  "model": "marketplace.orderproducer",
  "pk": 19,
  "fields": {
    "order": 11,
    "producer": 4,
    "status": "DELIVERED"
  }
},
{
  "model": "marketplace.orderproducer",
  "pk": 20,
  "fields": {
    "order": 12,
    "producer": 1,
    "status": "DELIVERED"
  }
},
{
  "model": "marketplace.orderproducer",
  "pk": 21,
  "fields": {
    "order": 12,
    "producer": 5,
    "status": "DELIVERED"
  }
},
{
  "model": "marketplace.orderproducer",
  "pk": 22,
  "fields": {
    "order": 13,
    "producer": 2,
    "status": "CANCELLED"
  }
},
{
  "model": "marketplace.orderproducer",
  "pk": 23,
  "fields": {
    "order": 14,
    "producer": 1,
    "status": "DELIVERED"
  }
},
{
  "model": "marketplace.orderproducer",
  "pk": 24,
  "fields": {
    "order": 14,
    "producer": 2,
    "status": "DELIVERED"
  }
},
{
  "model": "marketplace.orderproducer",
  "pk": 25,
  "fields": {
    "order": 14,
    "producer": 3,
    "status": "DELIVERED"
  }
},
{
  "model": "marketplace.orderproducer",
  "pk": 26,
  "fields": {
    "order": 14,
    "producer": 4,
    "status": "DELIVERED"
  }
},
{
  "model": "marketplace.orderproducer",
  "pk": 27,
  "fields": {
    "order": 14,
    "producer": 6,
    "status": "DELIVERED"
  }
},
{
  "model": "marketplace.orderproducer",
  "pk": 28,
  "fields": {
    "order": 14,
    "producer": 5,
    "status": "DELIVERED"
  }
},
{
  "model": "marketplace.orderproducer",
  "pk": 29,
  "fields": {
    "order": 15,
    "producer": 2,
    "status": "DELIVERED"
  }
},
{
  "model": "marketplace.orderproducer",
  "pk": 30,
  "fields": {
    "order": 15,
    "producer": 4,
    "status": "DELIVERED"
  }
},
{
  "model": "marketplace.orderproducer",
  "pk": 31,
  "fields": {
    "order": 16,
    "producer": 5,
    "status": "DELIVERED"
  }
},
{
  "model": "marketplace.orderproducer",
  "pk": 32,
  "fields": {
    "order": 16,
    "producer": 2,
    "status": "DELIVERED"
  }
},
{
  "model": "marketplace.orderproducer",
  "pk": 33,
  "fields": {
    "order": 17,
    "producer": 1,
    "status": "DELIVERED"
  }
},
{
  "model": "marketplace.orderproducer",
  "pk": 34,
  "fields": {
    "order": 17,
    "producer": 6,
    "status": "DELIVERED"
  }
},
{
  "model": "marketplace.orderproducer",
  "pk": 35,
  "fields": {
    "order": 17,
    "producer": 3,
    "status": "DELIVERED"
  }
},
{
  "model": "marketplace.orderproducer",
  "pk": 36,
  "fields": {
    "order": 18,
    "producer": 5,
    "status": "DELIVERED"
  }
},
{
  "model": "marketplace.orderproducer",
  "pk": 37,
  "fields": {
    "order": 18,
    "producer": 2,
    "status": "DELIVERED"
  }
},
{
  "model": "marketplace.orderproducer",
  "pk": 38,
  "fields": {
    "order": 19,
    "producer": 4,
    "status": "DELIVERED"
  }
},
{
  "model": "marketplace.orderproducer",
  "pk": 39,
  "fields": {
    "order": 19,
    "producer": 6,
    "status": "DELIVERED"
  }
},
{
  "model": "marketplace.orderproducer",
  "pk": 40,
  "fields": {
    "order": 20,
    "producer": 1,
    "status": "PENDING"
  }
},
{
  "model": "marketplace.orderproducer",
  "pk": 41,
  "fields": {
    "order": 20,
    "producer": 6,
    "status": "PENDING"
  }
},
{
  "model": "marketplace.orderproducer",
  "pk": 42,
  "fields": {
    "order": 21,
    "producer": 3,
    "status": "PENDING"
  }
},
{
  "model": "marketplace.orderproducer",
  "pk": 43,
  "fields": {
    "order": 21,
    "producer": 4,
    "status": "PENDING"
  }
},
{
  "model": "marketplace.orderproducer",
  "pk": 44,
  "fields": {
    "order": 22,
    "producer": 1,
    "status": "PENDING"
  }
},
{
  "model": "marketplace.orderproducer",
  "pk": 45,
  "fields": {
    "order": 23,
    "producer": 5,
    "status": "PENDING"
  }
},
{
  "model": "marketplace.orderproducer",
  "pk": 46,
  "fields": {
    "order": 23,
    "producer": 2,
    "status": "PENDING"
  }
},
{
  "model": "marketplace.orderproducer",
  "pk": 47,
  "fields": {
    "order": 24,
    "producer": 5,
    "status": "DELIVERED"
  }
},
{
  "model": "marketplace.orderproducer",
  "pk": 48,
  "fields": {
    "order": 25,
    "producer": 5,
    "status": "DELIVERED"
  }
},
{
  "model": "marketplace.orderproducer",
  "pk": 49,
  "fields": {
    "order": 26,
    "producer": 5,
    "status": "DELIVERED"
  }
},
{
  "model": "marketplace.orderproducer",
  "pk": 50,
  "fields": {
    "order": 27,
    "producer": 1,
    "status": "CONFIRMED"
  }
},
{
  "model": "marketplace.orderproducer",
  "pk": 51,
  "fields": {
    "order": 28,
    "producer": 1,
    "status": "PENDING"
  }
},
{
  "model": "marketplace.orderproducer",
  "pk": 52,
  "fields": {
    "order": 29,
    "producer": 2,
    "status": "PENDING"
  }
},
{
  "model": "marketplace.orderproducer",
  "pk": 53,
  "fields": {
    "order": 30,
    "producer": 1,
    "status": "PENDING"
  }
},
{
  "model": "marketplace.orderproducer",
  "pk": 54,
  "fields": {
    "order": 30,
    "producer": 5,
    "status": "PENDING"
  }
},
{
  "model": "marketplace.orderitem",
  "pk": 1,
  "fields": {
    "order_producer": 1,
    "product": 1,
    "quantity": "2.000",
    "fulfilled_quantity": null,
    "availability_note": null,
    "unit_price_gbp": "2.50",
    "total_cost": "5.00",
    "status": "DELIVERED"
  }
},
{
  "model": "marketplace.orderitem",
  "pk": 2,
  "fields": {
    "order_producer": 1,
    "product": 2,
    "quantity": "2.000",
    "fulfilled_quantity": null,
    "availability_note": null,
    "unit_price_gbp": "1.80",
    "total_cost": "3.60",
    "status": "DELIVERED"
  }
},
{
  "model": "marketplace.orderitem",
  "pk": 3,
  "fields": {
    "order_producer": 2,
    "product": 16,
    "quantity": "2.000",
    "fulfilled_quantity": null,
    "availability_note": null,
    "unit_price_gbp": "3.20",
    "total_cost": "6.40",
    "status": "DELIVERED"
  }
},
{
  "model": "marketplace.orderitem",
  "pk": 4,
  "fields": {
    "order_producer": 2,
    "product": 14,
    "quantity": "3.000",
    "fulfilled_quantity": null,
    "availability_note": null,
    "unit_price_gbp": "1.80",
    "total_cost": "5.40",
    "status": "DELIVERED"
  }
},
{
  "model": "marketplace.orderitem",
  "pk": 5,
  "fields": {
    "order_producer": 3,
    "product": 3,
    "quantity": "2.000",
    "fulfilled_quantity": null,
    "availability_note": null,
    "unit_price_gbp": "2.20",
    "total_cost": "4.40",
    "status": "DELIVERED"
  }
},
{
  "model": "marketplace.orderitem",
  "pk": 6,
  "fields": {
    "order_producer": 3,
    "product": 4,
    "quantity": "4.000",
    "fulfilled_quantity": null,
    "availability_note": null,
    "unit_price_gbp": "1.50",
    "total_cost": "6.00",
    "status": "DELIVERED"
  }
},
{
  "model": "marketplace.orderitem",
  "pk": 7,
  "fields": {
    "order_producer": 3,
    "product": 7,
    "quantity": "2.000",
    "fulfilled_quantity": null,
    "availability_note": null,
    "unit_price_gbp": "1.20",
    "total_cost": "2.40",
    "status": "DELIVERED"
  }
},
{
  "model": "marketplace.orderitem",
  "pk": 8,
  "fields": {
    "order_producer": 4,
    "product": 9,
    "quantity": "2.000",
    "fulfilled_quantity": null,
    "availability_note": null,
    "unit_price_gbp": "2.20",
    "total_cost": "4.40",
    "status": "DELIVERED"
  }
},
{
  "model": "marketplace.orderitem",
  "pk": 9,
  "fields": {
    "order_producer": 4,
    "product": 11,
    "quantity": "2.000",
    "fulfilled_quantity": null,
    "availability_note": null,
    "unit_price_gbp": "3.50",
    "total_cost": "7.00",
    "status": "DELIVERED"
  }
},
{
  "model": "marketplace.orderitem",
  "pk": 10,
  "fields": {
    "order_producer": 5,
    "product": 5,
    "quantity": "3.000",
    "fulfilled_quantity": null,
    "availability_note": null,
    "unit_price_gbp": "2.00",
    "total_cost": "6.00",
    "status": "DELIVERED"
  }
},
{
  "model": "marketplace.orderitem",
  "pk": 11,
  "fields": {
    "order_producer": 5,
    "product": 6,
    "quantity": "2.000",
    "fulfilled_quantity": null,
    "availability_note": null,
    "unit_price_gbp": "2.80",
    "total_cost": "5.60",
    "status": "DELIVERED"
  }
},
{
  "model": "marketplace.orderitem",
  "pk": 12,
  "fields": {
    "order_producer": 5,
    "product": 8,
    "quantity": "2.000",
    "fulfilled_quantity": null,
    "availability_note": null,
    "unit_price_gbp": "1.00",
    "total_cost": "2.00",
    "status": "DELIVERED"
  }
},
{
  "model": "marketplace.orderitem",
  "pk": 13,
  "fields": {
    "order_producer": 6,
    "product": 18,
    "quantity": "4.000",
    "fulfilled_quantity": null,
    "availability_note": null,
    "unit_price_gbp": "2.50",
    "total_cost": "10.00",
    "status": "DELIVERED"
  }
},
{
  "model": "marketplace.orderitem",
  "pk": 14,
  "fields": {
    "order_producer": 6,
    "product": 17,
    "quantity": "2.000",
    "fulfilled_quantity": null,
    "availability_note": null,
    "unit_price_gbp": "2.80",
    "total_cost": "5.60",
    "status": "DELIVERED"
  }
},
{
  "model": "marketplace.orderitem",
  "pk": 15,
  "fields": {
    "order_producer": 7,
    "product": 10,
    "quantity": "2.000",
    "fulfilled_quantity": null,
    "availability_note": null,
    "unit_price_gbp": "2.80",
    "total_cost": "5.60",
    "status": "DELIVERED"
  }
},
{
  "model": "marketplace.orderitem",
  "pk": 16,
  "fields": {
    "order_producer": 7,
    "product": 12,
    "quantity": "2.000",
    "fulfilled_quantity": null,
    "availability_note": null,
    "unit_price_gbp": "2.50",
    "total_cost": "5.00",
    "status": "DELIVERED"
  }
},
{
  "model": "marketplace.orderitem",
  "pk": 17,
  "fields": {
    "order_producer": 7,
    "product": 13,
    "quantity": "2.000",
    "fulfilled_quantity": null,
    "availability_note": null,
    "unit_price_gbp": "1.80",
    "total_cost": "3.60",
    "status": "DELIVERED"
  }
},
{
  "model": "marketplace.orderitem",
  "pk": 18,
  "fields": {
    "order_producer": 8,
    "product": 1,
    "quantity": "3.000",
    "fulfilled_quantity": null,
    "availability_note": null,
    "unit_price_gbp": "2.50",
    "total_cost": "7.50",
    "status": "PENDING"
  }
},
{
  "model": "marketplace.orderitem",
  "pk": 19,
  "fields": {
    "order_producer": 8,
    "product": 2,
    "quantity": "1.000",
    "fulfilled_quantity": null,
    "availability_note": null,
    "unit_price_gbp": "1.80",
    "total_cost": "1.80",
    "status": "PENDING"
  }
},
{
  "model": "marketplace.orderitem",
  "pk": 20,
  "fields": {
    "order_producer": 9,
    "product": 6,
    "quantity": "1.000",
    "fulfilled_quantity": null,
    "availability_note": null,
    "unit_price_gbp": "2.80",
    "total_cost": "2.80",
    "status": "PENDING"
  }
},
{
  "model": "marketplace.orderitem",
  "pk": 21,
  "fields": {
    "order_producer": 9,
    "product": 5,
    "quantity": "1.000",
    "fulfilled_quantity": null,
    "availability_note": null,
    "unit_price_gbp": "2.00",
    "total_cost": "2.00",
    "status": "PENDING"
  }
},
{
  "model": "marketplace.orderitem",
  "pk": 22,
  "fields": {
    "order_producer": 9,
    "product": 4,
    "quantity": "1.000",
    "fulfilled_quantity": null,
    "availability_note": null,
    "unit_price_gbp": "1.50",
    "total_cost": "1.50",
    "status": "PENDING"
  }
},
{
  "model": "marketplace.orderitem",
  "pk": 23,
  "fields": {
    "order_producer": 10,
    "product": 20,
    "quantity": "3.000",
    "fulfilled_quantity": null,
    "availability_note": null,
    "unit_price_gbp": "7.85",
    "total_cost": "23.55",
    "status": "DELIVERED"
  }
},
{
  "model": "marketplace.orderitem",
  "pk": 24,
  "fields": {
    "order_producer": 11,
    "product": 1,
    "quantity": "2.000",
    "fulfilled_quantity": null,
    "availability_note": null,
    "unit_price_gbp": "2.50",
    "total_cost": "5.00",
    "status": "DELIVERED"
  }
},
{
  "model": "marketplace.orderitem",
  "pk": 25,
  "fields": {
    "order_producer": 11,
    "product": 2,
    "quantity": "1.000",
    "fulfilled_quantity": null,
    "availability_note": null,
    "unit_price_gbp": "1.80",
    "total_cost": "1.80",
    "status": "DELIVERED"
  }
},
{
  "model": "marketplace.orderitem",
  "pk": 26,
  "fields": {
    "order_producer": 12,
    "product": 16,
    "quantity": "2.000",
    "fulfilled_quantity": null,
    "availability_note": null,
    "unit_price_gbp": "3.20",
    "total_cost": "6.40",
    "status": "DELIVERED"
  }
},
{
  "model": "marketplace.orderitem",
  "pk": 27,
  "fields": {
    "order_producer": 12,
    "product": 14,
    "quantity": "3.000",
    "fulfilled_quantity": null,
    "availability_note": null,
    "unit_price_gbp": "1.80",
    "total_cost": "5.40",
    "status": "DELIVERED"
  }
},
{
  "model": "marketplace.orderitem",
  "pk": 28,
  "fields": {
    "order_producer": 13,
    "product": 4,
    "quantity": "5.000",
    "fulfilled_quantity": null,
    "availability_note": null,
    "unit_price_gbp": "1.50",
    "total_cost": "7.50",
    "status": "DELIVERED"
  }
},
{
  "model": "marketplace.orderitem",
  "pk": 29,
  "fields": {
    "order_producer": 13,
    "product": 5,
    "quantity": "3.000",
    "fulfilled_quantity": null,
    "availability_note": null,
    "unit_price_gbp": "2.00",
    "total_cost": "6.00",
    "status": "DELIVERED"
  }
},
{
  "model": "marketplace.orderitem",
  "pk": 30,
  "fields": {
    "order_producer": 14,
    "product": 9,
    "quantity": "3.000",
    "fulfilled_quantity": null,
    "availability_note": null,
    "unit_price_gbp": "2.20",
    "total_cost": "6.60",
    "status": "DELIVERED"
  }
},
{
  "model": "marketplace.orderitem",
  "pk": 31,
  "fields": {
    "order_producer": 14,
    "product": 11,
    "quantity": "2.000",
    "fulfilled_quantity": null,
    "availability_note": null,
    "unit_price_gbp": "3.50",
    "total_cost": "7.00",
    "status": "DELIVERED"
  }
},
{
  "model": "marketplace.orderitem",
  "pk": 32,
  "fields": {
    "order_producer": 15,
    "product": 14,
    "quantity": "4.000",
    "fulfilled_quantity": null,
    "availability_note": null,
    "unit_price_gbp": "1.80",
    "total_cost": "7.20",
    "status": "DELIVERED"
  }
},
{
  "model": "marketplace.orderitem",
  "pk": 33,
  "fields": {
    "order_producer": 15,
    "product": 16,
    "quantity": "3.000",
    "fulfilled_quantity": null,
    "availability_note": null,
    "unit_price_gbp": "3.20",
    "total_cost": "9.60",
    "status": "DELIVERED"
  }
},
{
  "model": "marketplace.orderitem",
  "pk": 34,
  "fields": {
    "order_producer": 15,
    "product": 17,
    "quantity": "2.000",
    "fulfilled_quantity": null,
    "availability_note": null,
    "unit_price_gbp": "2.80",
    "total_cost": "5.60",
    "status": "DELIVERED"
  }
},
{
  "model": "marketplace.orderitem",
  "pk": 35,
  "fields": {
    "order_producer": 15,
    "product": 18,
    "quantity": "2.000",
    "fulfilled_quantity": null,
    "availability_note": null,
    "unit_price_gbp": "2.50",
    "total_cost": "5.00",
    "status": "DELIVERED"
  }
},
{
  "model": "marketplace.orderitem",
  "pk": 36,
  "fields": {
    "order_producer": 16,
    "product": 1,
    "quantity": "1.000",
    "fulfilled_quantity": null,
    "availability_note": null,
    "unit_price_gbp": "2.50",
    "total_cost": "2.50",
    "status": "DELIVERED"
  }
},
{
  "model": "marketplace.orderitem",
  "pk": 37,
  "fields": {
    "order_producer": 16,
    "product": 8,
    "quantity": "2.000",
    "fulfilled_quantity": null,
    "availability_note": null,
    "unit_price_gbp": "1.00",
    "total_cost": "2.00",
    "status": "DELIVERED"
  }
},
{
  "model": "marketplace.orderitem",
  "pk": 38,
  "fields": {
    "order_producer": 17,
    "product": 25,
    "quantity": "3.000",
    "fulfilled_quantity": null,
    "availability_note": null,
    "unit_price_gbp": "2.00",
    "total_cost": "6.00",
    "status": "DELIVERED"
  }
},
{
  "model": "marketplace.orderitem",
  "pk": 39,
  "fields": {
    "order_producer": 17,
    "product": 26,
    "quantity": "2.000",
    "fulfilled_quantity": null,
    "availability_note": null,
    "unit_price_gbp": "1.80",
    "total_cost": "3.60",
    "status": "DELIVERED"
  }
},
{
  "model": "marketplace.orderitem",
  "pk": 40,
  "fields": {
    "order_producer": 18,
    "product": 10,
    "quantity": "2.000",
    "fulfilled_quantity": null,
    "availability_note": null,
    "unit_price_gbp": "2.80",
    "total_cost": "5.60",
    "status": "DELIVERED"
  }
},
{
  "model": "marketplace.orderitem",
  "pk": 41,
  "fields": {
    "order_producer": 18,
    "product": 12,
    "quantity": "3.000",
    "fulfilled_quantity": null,
    "availability_note": null,
    "unit_price_gbp": "2.50",
    "total_cost": "7.50",
    "status": "DELIVERED"
  }
},
{
  "model": "marketplace.orderitem",
  "pk": 42,
  "fields": {
    "order_producer": 18,
    "product": 13,
    "quantity": "2.000",
    "fulfilled_quantity": null,
    "availability_note": null,
    "unit_price_gbp": "1.80",
    "total_cost": "3.60",
    "status": "DELIVERED"
  }
},
{
  "model": "marketplace.orderitem",
  "pk": 43,
  "fields": {
    "order_producer": 19,
    "product": 21,
    "quantity": "2.000",
    "fulfilled_quantity": null,
    "availability_note": null,
    "unit_price_gbp": "3.50",
    "total_cost": "7.00",
    "status": "DELIVERED"
  }
},
{
  "model": "marketplace.orderitem",
  "pk": 44,
  "fields": {
    "order_producer": 19,
    "product": 23,
    "quantity": "1.000",
    "fulfilled_quantity": null,
    "availability_note": null,
    "unit_price_gbp": "4.50",
    "total_cost": "4.50",
    "status": "DELIVERED"
  }
},
{
  "model": "marketplace.orderitem",
  "pk": 45,
  "fields": {
    "order_producer": 20,
    "product": 6,
    "quantity": "3.000",
    "fulfilled_quantity": null,
    "availability_note": null,
    "unit_price_gbp": "2.80",
    "total_cost": "8.40",
    "status": "DELIVERED"
  }
},
{
  "model": "marketplace.orderitem",
  "pk": 46,
  "fields": {
    "order_producer": 20,
    "product": 7,
    "quantity": "4.000",
    "fulfilled_quantity": null,
    "availability_note": null,
    "unit_price_gbp": "1.20",
    "total_cost": "4.80",
    "status": "DELIVERED"
  }
},
{
  "model": "marketplace.orderitem",
  "pk": 47,
  "fields": {
    "order_producer": 21,
    "product": 29,
    "quantity": "3.000",
    "fulfilled_quantity": null,
    "availability_note": null,
    "unit_price_gbp": "4.50",
    "total_cost": "13.50",
    "status": "DELIVERED"
  }
},
{
  "model": "marketplace.orderitem",
  "pk": 48,
  "fields": {
    "order_producer": 21,
    "product": 31,
    "quantity": "2.000",
    "fulfilled_quantity": null,
    "availability_note": null,
    "unit_price_gbp": "5.50",
    "total_cost": "11.00",
    "status": "DELIVERED"
  }
},
{
  "model": "marketplace.orderitem",
  "pk": 49,
  "fields": {
    "order_producer": 22,
    "product": 15,
    "quantity": "3.000",
    "fulfilled_quantity": null,
    "availability_note": null,
    "unit_price_gbp": "1.70",
    "total_cost": "5.10",
    "status": "CANCELLED"
  }
},
{
  "model": "marketplace.orderitem",
  "pk": 50,
  "fields": {
    "order_producer": 22,
    "product": 18,
    "quantity": "2.000",
    "fulfilled_quantity": null,
    "availability_note": null,
    "unit_price_gbp": "2.50",
    "total_cost": "5.00",
    "status": "CANCELLED"
  }
},
{
  "model": "marketplace.orderitem",
  "pk": 51,
  "fields": {
    "order_producer": 22,
    "product": 19,
    "quantity": "1.000",
    "fulfilled_quantity": null,
    "availability_note": null,
    "unit_price_gbp": "5.80",
    "total_cost": "5.80",
    "status": "CANCELLED"
  }
},
{
  "model": "marketplace.orderitem",
  "pk": 52,
  "fields": {
    "order_producer": 23,
    "product": 3,
    "quantity": "2.000",
    "fulfilled_quantity": null,
    "availability_note": null,
    "unit_price_gbp": "2.20",
    "total_cost": "4.40",
    "status": "DELIVERED"
  }
},
{
  "model": "marketplace.orderitem",
  "pk": 53,
  "fields": {
    "order_producer": 23,
    "product": 5,
    "quantity": "3.000",
    "fulfilled_quantity": null,
    "availability_note": null,
    "unit_price_gbp": "2.00",
    "total_cost": "6.00",
    "status": "DELIVERED"
  }
},
{
  "model": "marketplace.orderitem",
  "pk": 54,
  "fields": {
    "order_producer": 24,
    "product": 17,
    "quantity": "2.000",
    "fulfilled_quantity": null,
    "availability_note": null,
    "unit_price_gbp": "2.80",
    "total_cost": "5.60",
    "status": "DELIVERED"
  }
},
{
  "model": "marketplace.orderitem",
  "pk": 55,
  "fields": {
    "order_producer": 24,
    "product": 19,
    "quantity": "1.000",
    "fulfilled_quantity": null,
    "availability_note": null,
    "unit_price_gbp": "5.80",
    "total_cost": "5.80",
    "status": "DELIVERED"
  }
},
{
  "model": "marketplace.orderitem",
  "pk": 56,
  "fields": {
    "order_producer": 25,
    "product": 9,
    "quantity": "2.000",
    "fulfilled_quantity": null,
    "availability_note": null,
    "unit_price_gbp": "2.20",
    "total_cost": "4.40",
    "status": "DELIVERED"
  }
},
{
  "model": "marketplace.orderitem",
  "pk": 57,
  "fields": {
    "order_producer": 25,
    "product": 11,
    "quantity": "3.000",
    "fulfilled_quantity": null,
    "availability_note": null,
    "unit_price_gbp": "3.50",
    "total_cost": "10.50",
    "status": "DELIVERED"
  }
},
{
  "model": "marketplace.orderitem",
  "pk": 58,
  "fields": {
    "order_producer": 26,
    "product": 21,
    "quantity": "3.000",
    "fulfilled_quantity": null,
    "availability_note": null,
    "unit_price_gbp": "3.50",
    "total_cost": "10.50",
    "status": "DELIVERED"
  }
},
{
  "model": "marketplace.orderitem",
  "pk": 59,
  "fields": {
    "order_producer": 26,
    "product": 24,
    "quantity": "1.000",
    "fulfilled_quantity": null,
    "availability_note": null,
    "unit_price_gbp": "12.00",
    "total_cost": "12.00",
    "status": "DELIVERED"
  }
},
{
  "model": "marketplace.orderitem",
  "pk": 60,
  "fields": {
    "order_producer": 27,
    "product": 27,
    "quantity": "4.000",
    "fulfilled_quantity": null,
    "availability_note": null,
    "unit_price_gbp": "1.60",
    "total_cost": "6.40",
    "status": "DELIVERED"
  }
},
{
  "model": "marketplace.orderitem",
  "pk": 61,
  "fields": {
    "order_producer": 28,
    "product": 30,
    "quantity": "2.000",
    "fulfilled_quantity": null,
    "availability_note": null,
    "unit_price_gbp": "3.80",
    "total_cost": "7.60",
    "status": "DELIVERED"
  }
},
{
  "model": "marketplace.orderitem",
  "pk": 62,
  "fields": {
    "order_producer": 29,
    "product": 14,
    "quantity": "2.000",
    "fulfilled_quantity": null,
    "availability_note": null,
    "unit_price_gbp": "1.80",
    "total_cost": "3.60",
    "status": "DELIVERED"
  }
},
{
  "model": "marketplace.orderitem",
  "pk": 63,
  "fields": {
    "order_producer": 29,
    "product": 16,
    "quantity": "3.000",
    "fulfilled_quantity": null,
    "availability_note": null,
    "unit_price_gbp": "3.20",
    "total_cost": "9.60",
    "status": "DELIVERED"
  }
},
{
  "model": "marketplace.orderitem",
  "pk": 64,
  "fields": {
    "order_producer": 30,
    "product": 22,
    "quantity": "2.000",
    "fulfilled_quantity": null,
    "availability_note": null,
    "unit_price_gbp": "2.80",
    "total_cost": "5.60",
    "status": "DELIVERED"
  }
},
{
  "model": "marketplace.orderitem",
  "pk": 65,
  "fields": {
    "order_producer": 31,
    "product": 31,
    "quantity": "2.000",
    "fulfilled_quantity": null,
    "availability_note": null,
    "unit_price_gbp": "5.50",
    "total_cost": "11.00",
    "status": "DELIVERED"
  }
},
{
  "model": "marketplace.orderitem",
  "pk": 66,
  "fields": {
    "order_producer": 31,
    "product": 32,
    "quantity": "1.000",
    "fulfilled_quantity": null,
    "availability_note": null,
    "unit_price_gbp": "3.20",
    "total_cost": "3.20",
    "status": "DELIVERED"
  }
},
{
  "model": "marketplace.orderitem",
  "pk": 67,
  "fields": {
    "order_producer": 32,
    "product": 18,
    "quantity": "2.000",
    "fulfilled_quantity": null,
    "availability_note": null,
    "unit_price_gbp": "2.50",
    "total_cost": "5.00",
    "status": "DELIVERED"
  }
},
{
  "model": "marketplace.orderitem",
  "pk": 68,
  "fields": {
    "order_producer": 33,
    "product": 1,
    "quantity": "3.000",
    "fulfilled_quantity": null,
    "availability_note": null,
    "unit_price_gbp": "2.50",
    "total_cost": "7.50",
    "status": "DELIVERED"
  }
},
{
  "model": "marketplace.orderitem",
  "pk": 69,
  "fields": {
    "order_producer": 33,
    "product": 3,
    "quantity": "2.000",
    "fulfilled_quantity": null,
    "availability_note": null,
    "unit_price_gbp": "2.20",
    "total_cost": "4.40",
    "status": "DELIVERED"
  }
},
{
  "model": "marketplace.orderitem",
  "pk": 70,
  "fields": {
    "order_producer": 33,
    "product": 8,
    "quantity": "3.000",
    "fulfilled_quantity": null,
    "availability_note": null,
    "unit_price_gbp": "1.00",
    "total_cost": "3.00",
    "status": "DELIVERED"
  }
},
{
  "model": "marketplace.orderitem",
  "pk": 71,
  "fields": {
    "order_producer": 34,
    "product": 25,
    "quantity": "4.000",
    "fulfilled_quantity": null,
    "availability_note": null,
    "unit_price_gbp": "2.00",
    "total_cost": "8.00",
    "status": "DELIVERED"
  }
},
{
  "model": "marketplace.orderitem",
  "pk": 72,
  "fields": {
    "order_producer": 34,
    "product": 26,
    "quantity": "3.000",
    "fulfilled_quantity": null,
    "availability_note": null,
    "unit_price_gbp": "1.80",
    "total_cost": "5.40",
    "status": "DELIVERED"
  }
},
{
  "model": "marketplace.orderitem",
  "pk": 73,
  "fields": {
    "order_producer": 35,
    "product": 10,
    "quantity": "2.000",
    "fulfilled_quantity": null,
    "availability_note": null,
    "unit_price_gbp": "2.80",
    "total_cost": "5.60",
    "status": "DELIVERED"
  }
},
{
  "model": "marketplace.orderitem",
  "pk": 74,
  "fields": {
    "order_producer": 35,
    "product": 13,
    "quantity": "2.000",
    "fulfilled_quantity": null,
    "availability_note": null,
    "unit_price_gbp": "1.80",
    "total_cost": "3.60",
    "status": "DELIVERED"
  }
},
{
  "model": "marketplace.orderitem",
  "pk": 75,
  "fields": {
    "order_producer": 36,
    "product": 29,
    "quantity": "4.000",
    "fulfilled_quantity": null,
    "availability_note": null,
    "unit_price_gbp": "4.50",
    "total_cost": "18.00",
    "status": "DELIVERED"
  }
},
{
  "model": "marketplace.orderitem",
  "pk": 76,
  "fields": {
    "order_producer": 36,
    "product": 30,
    "quantity": "3.000",
    "fulfilled_quantity": null,
    "availability_note": null,
    "unit_price_gbp": "3.80",
    "total_cost": "11.40",
    "status": "DELIVERED"
  }
},
{
  "model": "marketplace.orderitem",
  "pk": 77,
  "fields": {
    "order_producer": 36,
    "product": 31,
    "quantity": "3.000",
    "fulfilled_quantity": null,
    "availability_note": null,
    "unit_price_gbp": "5.50",
    "total_cost": "16.50",
    "status": "DELIVERED"
  }
},
{
  "model": "marketplace.orderitem",
  "pk": 78,
  "fields": {
    "order_producer": 37,
    "product": 16,
    "quantity": "4.000",
    "fulfilled_quantity": null,
    "availability_note": null,
    "unit_price_gbp": "3.20",
    "total_cost": "12.80",
    "status": "DELIVERED"
  }
},
{
  "model": "marketplace.orderitem",
  "pk": 79,
  "fields": {
    "order_producer": 38,
    "product": 21,
    "quantity": "2.000",
    "fulfilled_quantity": null,
    "availability_note": null,
    "unit_price_gbp": "3.50",
    "total_cost": "7.00",
    "status": "DELIVERED"
  }
},
{
  "model": "marketplace.orderitem",
  "pk": 80,
  "fields": {
    "order_producer": 38,
    "product": 23,
    "quantity": "2.000",
    "fulfilled_quantity": null,
    "availability_note": null,
    "unit_price_gbp": "4.50",
    "total_cost": "9.00",
    "status": "DELIVERED"
  }
},
{
  "model": "marketplace.orderitem",
  "pk": 81,
  "fields": {
    "order_producer": 39,
    "product": 27,
    "quantity": "3.000",
    "fulfilled_quantity": null,
    "availability_note": null,
    "unit_price_gbp": "1.60",
    "total_cost": "4.80",
    "status": "DELIVERED"
  }
},
{
  "model": "marketplace.orderitem",
  "pk": 82,
  "fields": {
    "order_producer": 39,
    "product": 28,
    "quantity": "2.000",
    "fulfilled_quantity": null,
    "availability_note": null,
    "unit_price_gbp": "1.50",
    "total_cost": "3.00",
    "status": "DELIVERED"
  }
},
{
  "model": "marketplace.orderitem",
  "pk": 83,
  "fields": {
    "order_producer": 40,
    "product": 4,
    "quantity": "6.000",
    "fulfilled_quantity": null,
    "availability_note": null,
    "unit_price_gbp": "1.50",
    "total_cost": "9.00",
    "status": "PENDING"
  }
},
{
  "model": "marketplace.orderitem",
  "pk": 84,
  "fields": {
    "order_producer": 40,
    "product": 5,
    "quantity": "4.000",
    "fulfilled_quantity": null,
    "availability_note": null,
    "unit_price_gbp": "2.00",
    "total_cost": "8.00",
    "status": "PENDING"
  }
},
{
  "model": "marketplace.orderitem",
  "pk": 85,
  "fields": {
    "order_producer": 40,
    "product": 6,
    "quantity": "3.000",
    "fulfilled_quantity": null,
    "availability_note": null,
    "unit_price_gbp": "2.80",
    "total_cost": "8.40",
    "status": "PENDING"
  }
},
{
  "model": "marketplace.orderitem",
  "pk": 86,
  "fields": {
    "order_producer": 41,
    "product": 25,
    "quantity": "5.000",
    "fulfilled_quantity": null,
    "availability_note": null,
    "unit_price_gbp": "2.00",
    "total_cost": "10.00",
    "status": "PENDING"
  }
},
{
  "model": "marketplace.orderitem",
  "pk": 87,
  "fields": {
    "order_producer": 42,
    "product": 12,
    "quantity": "4.000",
    "fulfilled_quantity": null,
    "availability_note": null,
    "unit_price_gbp": "2.50",
    "total_cost": "10.00",
    "status": "PENDING"
  }
},
{
  "model": "marketplace.orderitem",
  "pk": 88,
  "fields": {
    "order_producer": 42,
    "product": 13,
    "quantity": "3.000",
    "fulfilled_quantity": null,
    "availability_note": null,
    "unit_price_gbp": "1.80",
    "total_cost": "5.40",
    "status": "PENDING"
  }
},
{
  "model": "marketplace.orderitem",
  "pk": 89,
  "fields": {
    "order_producer": 43,
    "product": 24,
    "quantity": "2.000",
    "fulfilled_quantity": null,
    "availability_note": null,
    "unit_price_gbp": "12.00",
    "total_cost": "24.00",
    "status": "PENDING"
  }
},
{
  "model": "marketplace.orderitem",
  "pk": 90,
  "fields": {
    "order_producer": 43,
    "product": 23,
    "quantity": "2.000",
    "fulfilled_quantity": null,
    "availability_note": null,
    "unit_price_gbp": "4.50",
    "total_cost": "9.00",
    "status": "PENDING"
  }
},
{
  "model": "marketplace.orderitem",
  "pk": 91,
  "fields": {
    "order_producer": 44,
    "product": 1,
    "quantity": "3.000",
    "fulfilled_quantity": null,
    "availability_note": null,
    "unit_price_gbp": "2.50",
    "total_cost": "7.50",
    "status": "PENDING"
  }
},
{
  "model": "marketplace.orderitem",
  "pk": 92,
  "fields": {
    "order_producer": 44,
    "product": 2,
    "quantity": "2.000",
    "fulfilled_quantity": null,
    "availability_note": null,
    "unit_price_gbp": "1.80",
    "total_cost": "3.60",
    "status": "PENDING"
  }
},
{
  "model": "marketplace.orderitem",
  "pk": 93,
  "fields": {
    "order_producer": 44,
    "product": 7,
    "quantity": "3.000",
    "fulfilled_quantity": null,
    "availability_note": null,
    "unit_price_gbp": "1.20",
    "total_cost": "3.60",
    "status": "PENDING"
  }
},
{
  "model": "marketplace.orderitem",
  "pk": 94,
  "fields": {
    "order_producer": 45,
    "product": 29,
    "quantity": "2.000",
    "fulfilled_quantity": null,
    "availability_note": null,
    "unit_price_gbp": "4.50",
    "total_cost": "9.00",
    "status": "PENDING"
  }
},
{
  "model": "marketplace.orderitem",
  "pk": 95,
  "fields": {
    "order_producer": 45,
    "product": 31,
    "quantity": "1.000",
    "fulfilled_quantity": null,
    "availability_note": null,
    "unit_price_gbp": "5.50",
    "total_cost": "5.50",
    "status": "PENDING"
  }
},
{
  "model": "marketplace.orderitem",
  "pk": 96,
  "fields": {
    "order_producer": 46,
    "product": 14,
    "quantity": "3.000",
    "fulfilled_quantity": null,
    "availability_note": null,
    "unit_price_gbp": "1.80",
    "total_cost": "5.40",
    "status": "PENDING"
  }
},
{
  "model": "marketplace.orderitem",
  "pk": 97,
  "fields": {
    "order_producer": 47,
    "product": 20,
    "quantity": "20.000",
    "fulfilled_quantity": null,
    "availability_note": null,
    "unit_price_gbp": "7.85",
    "total_cost": "157.00",
    "status": "DELIVERED"
  }
},
{
  "model": "marketplace.orderitem",
  "pk": 98,
  "fields": {
    "order_producer": 48,
    "product": 33,
    "quantity": "6.000",
    "fulfilled_quantity": null,
    "availability_note": null,
    "unit_price_gbp": "2.80",
    "total_cost": "16.80",
    "status": "DELIVERED"
  }
},
{
  "model": "marketplace.orderitem",
  "pk": 99,
  "fields": {
    "order_producer": 49,
    "product": 20,
    "quantity": "50.000",
    "fulfilled_quantity": null,
    "availability_note": null,
    "unit_price_gbp": "7.85",
    "total_cost": "392.50",
    "status": "DELIVERED"
  }
},
{
  "model": "marketplace.orderitem",
  "pk": 100,
  "fields": {
    "order_producer": 50,
    "product": 34,
    "quantity": "2.000",
    "fulfilled_quantity": null,
    "availability_note": null,
    "unit_price_gbp": "2.50",
    "total_cost": "5.00",
    "status": "CONFIRMED"
  }
},
{
  "model": "marketplace.orderitem",
  "pk": 101,
  "fields": {
    "order_producer": 51,
    "product": 35,
    "quantity": "6.000",
    "fulfilled_quantity": null,
    "availability_note": null,
    "unit_price_gbp": "1.00",
    "total_cost": "6.00",
    "status": "PENDING"
  }
},
{
  "model": "marketplace.orderitem",
  "pk": 102,
  "fields": {
    "order_producer": 52,
    "product": 35,
    "quantity": "3.000",
    "fulfilled_quantity": null,
    "availability_note": null,
    "unit_price_gbp": "1.00",
    "total_cost": "3.00",
    "status": "PENDING"
  }
},
{
  "model": "marketplace.orderitem",
  "pk": 103,
  "fields": {
    "order_producer": 53,
    "product": 35,
    "quantity": "3.000",
    "fulfilled_quantity": null,
    "availability_note": null,
    "unit_price_gbp": "1.00",
    "total_cost": "3.00",
    "status": "PENDING"
  }
},
{
  "model": "marketplace.orderitem",
  "pk": 104,
  "fields": {
    "order_producer": 54,
    "product": 33,
    "quantity": "2.000",
    "fulfilled_quantity": null,
    "availability_note": null,
    "unit_price_gbp": "2.80",
    "total_cost": "5.60",
    "status": "PENDING"
  }
},
{
  "model": "marketplace.communitypost",
  "pk": 1,
  "fields": {
    "post_type": "Farm Story",
    "is_public": false,
    "title": "Our First Polytunnel Harvest",
    "description": "After two years of planning we finally harvested our first full crop from the new polytunnels this week — basil, tomatoes and salad leaves all looking incredible. We can now supply fresh greens year-round. A huge thank you to everyone who helped with the build last autumn!",
    "created_at": "2026-04-23T23:49:01.354Z"
  }
},
{
  "model": "marketplace.communitypost",
  "pk": 2,
  "fields": {
    "post_type": "Farm Story",
    "is_public": true,
    "title": "Spring Update from the Orchard",
    "description": "Blossom is out across all the apple and pear trees at Ceridwen's Orchard. If the weather holds we're expecting a bumper crop this autumn. Strawberry plants are in flower too — fingers crossed for a warm June!",
    "created_at": "2026-04-23T23:49:01.365Z"
  }
},
{
  "model": "marketplace.communitypost",
  "pk": 3,
  "fields": {
    "post_type": "Recipe",
    "is_public": true,
    "title": "Heritage Carrot & Ginger Soup",
    "description": "Ingredients: 500 g Green Valley heritage carrots, 1 onion, 2 cloves garlic, thumb of fresh ginger, 1 L vegetable stock, 200 ml Sunny Meadow whole milk, salt & pepper.\n\nSweat onion, garlic and ginger in oil for 5 min. Add carrots and stock, simmer 20 min until tender. Blitz smooth, stir in the milk and season. Serves 4.",
    "created_at": "2026-04-23T23:49:01.371Z"
  }
},
{
  "model": "marketplace.communitypost",
  "pk": 4,
  "fields": {
    "post_type": "Recipe",
    "is_public": true,
    "title": "Courgette, Herb & Egg Frittata",
    "description": "Ingredients: 3 courgettes (Green Valley), 6 eggs (Sunny Meadow), handful of fresh basil and parsley (Green Valley), 50 g mature cheddar (Sunny Meadow), salt & pepper.\n\nSlice and fry courgettes until golden. Beat eggs, stir in herbs and cheese. Pour over courgettes in an ovenproof pan. Cook on hob 3 min then finish under a hot grill for 5 min. Serves 3–4.",
    "created_at": "2026-04-23T23:49:01.377Z"
  }
},
{
  "model": "marketplace.communitypost",
  "pk": 5,
  "fields": {
    "post_type": "Farm Story",
    "is_public": false,
    "title": "Winter Cover Crop Update (Internal)",
    "description": "Overwinter rye and vetch across fields 3 and 4 looking healthy. Ploughing back in late April ahead of the brassica beds. Internal record only.",
    "created_at": "2026-04-23T23:49:01.384Z"
  }
},
{
  "model": "marketplace.communitypost",
  "pk": 6,
  "fields": {
    "post_type": "Farm Story",
    "is_public": true,
    "title": "test",
    "description": "test",
    "created_at": "2026-04-28T14:38:30.213Z"
  }
},
{
  "model": "marketplace.communitypost",
  "pk": 7,
  "fields": {
    "post_type": "Farm Story",
    "is_public": true,
    "title": "Meet the Bees Behind Our Honey",
    "description": "JakeProducer runs 12 hives across the Mendip Hills. This spring we extracted our first wildflower crop and the results are incredible — deep amber with notes of clover and heather. All honey is raw, cold-extracted and never heated above 40°C. Come and see the hives at our open day on 15th May!",
    "created_at": "2026-05-06T17:22:57.198Z"
  }
},
{
  "model": "marketplace.communitypost",
  "pk": 8,
  "fields": {
    "post_type": "Recipe",
    "is_public": true,
    "title": "Roasted Beetroot & Goat's Cheese Tart",
    "description": "Ingredients: 4 Hillside Farm beetroot, 200g Alex Farms goat's cheese, 1 sheet shortcrust pastry, 2 tbsp balsamic glaze, handful of Green Valley rocket, salt & pepper.\n\nRoast beetroot whole at 200°C for 45 min. Cool, peel and slice. Line a tart tin with pastry, blind bake 15 min. Layer beetroot, dot with goat's cheese, drizzle balsamic. Bake 20 min. Serve with rocket. Serves 4.",
    "created_at": "2026-05-06T17:22:57.204Z"
  }
},
{
  "model": "marketplace.communitypost",
  "pk": 9,
  "fields": {
    "post_type": "Farm Story",
    "is_public": true,
    "title": "Hillside Farm's Organic Journey",
    "description": "We completed our 3-year organic conversion in March and are now fully certified. That means no synthetic fertilisers or pesticides on any of our fields. Our spinach, kale and beetroot are now verified organic — look for the Soil Association logo on our packaging. It's been a challenging transition but the soil health improvements are already visible.",
    "created_at": "2026-05-06T17:22:57.208Z"
  }
},
{
  "model": "marketplace.communitypost",
  "pk": 10,
  "fields": {
    "post_type": "Farm Story",
    "is_public": false,
    "title": "Cold Storage Upgrade — Internal Update",
    "description": "We have installed two new 4°C cold rooms at the distribution hub. From next week all leafy greens will be stored at the hub rather than collected directly from farms. Producers: please ensure deliveries arrive by 7am on collection days. This is an internal update — not for public display.",
    "created_at": "2026-05-06T17:22:57.213Z"
  }
},
{
  "model": "marketplace.communitypost",
  "pk": 11,
  "fields": {
    "post_type": "Recipe",
    "is_public": true,
    "title": "Sourdough French Toast with Wildflower Honey",
    "description": "Ingredients: 4 thick slices Jake's sourdough, 3 Sunny Meadow free-range eggs, 100ml whole milk, 1 tsp vanilla, 2 tbsp butter, 2 tbsp JakeProducer wildflower honey, fresh strawberries.\n\nWhisk eggs, milk and vanilla. Dip bread slices and fry in butter 2-3 min each side until golden. Drizzle with honey and serve with sliced strawberries. Perfect weekend breakfast.",
    "created_at": "2026-05-06T17:22:57.217Z"
  }
},
{
  "model": "marketplace.communitypost",
  "pk": 12,
  "fields": {
    "post_type": "Farm Story",
    "is_public": true,
    "title": "BRFN Spring Market — Save the Date",
    "description": "Our Spring Market returns to Aberystwyth town centre on Saturday 23rd May, 9am–2pm. All BRFN producers are invited to have a stall — contact the hub to register. Last year we had over 400 visitors and sold out of most produce by midday. This year we're expanding to the lower square to accommodate more producers.",
    "created_at": "2026-05-06T17:22:57.221Z"
  }
},
{
  "model": "marketplace.communitypost",
  "pk": 13,
  "fields": {
    "post_type": "Farm Story",
    "is_public": true,
    "title": "Alex Farms Welcomes a New Flock",
    "description": "We've just taken delivery of 200 new point-of-lay hens — a mix of Leghorn and Rhode Island Red. They'll be producing eggs within the next 2-3 weeks, which means we can increase our weekly egg allocation to marketplace customers. Duck egg numbers are also up this season.",
    "created_at": "2026-05-06T17:22:57.226Z"
  }
},
{
  "model": "marketplace.communitypost",
  "pk": 14,
  "fields": {
    "post_type": "Recipe",
    "is_public": true,
    "title": "Kale & Potato Soup",
    "description": "Ingredients: 1 bunch Hillside kale, 500g Green Valley new potatoes, 1 onion, 2 cloves garlic, 1L vegetable stock, 200ml Sunny Meadow whole milk, salt & pepper.\n\nSweat onion and garlic. Add diced potatoes and stock, simmer 15 min. Add roughly chopped kale and cook 5 more minutes. Stir in milk, season and serve. Hearty and simple. Serves 4.",
    "created_at": "2026-05-06T17:22:57.229Z"
  }
},
{
  "model": "marketplace.payoutrequest",
  "pk": 1,
  "fields": {
    "producer": 1,
    "week_start": "2026-04-14",
    "week_end": "2026-04-20",
    "gross_amount": "8.60",
    "commission_amount": "0.43",
    "net_amount": "8.17",
    "status": "PAID",
    "requested_at": "2026-04-22T10:00:00Z"
  }
},
{
  "model": "marketplace.payoutrequest",
  "pk": 2,
  "fields": {
    "producer": 2,
    "week_start": "2026-04-14",
    "week_end": "2026-04-20",
    "gross_amount": "11.80",
    "commission_amount": "0.59",
    "net_amount": "11.21",
    "status": "PAID",
    "requested_at": "2026-04-22T11:00:00Z"
  }
},
{
  "model": "marketplace.payoutrequest",
  "pk": 3,
  "fields": {
    "producer": 1,
    "week_start": "2026-04-21",
    "week_end": "2026-04-27",
    "gross_amount": "12.80",
    "commission_amount": "0.64",
    "net_amount": "12.16",
    "status": "PAID",
    "requested_at": "2026-04-29T09:00:00Z"
  }
},
{
  "model": "marketplace.payoutrequest",
  "pk": 4,
  "fields": {
    "producer": 3,
    "week_start": "2026-04-21",
    "week_end": "2026-04-27",
    "gross_amount": "11.40",
    "commission_amount": "0.57",
    "net_amount": "10.83",
    "status": "PENDING",
    "requested_at": "2026-04-29T10:00:00Z"
  }
},
{
  "model": "marketplace.payoutrequest",
  "pk": 5,
  "fields": {
    "producer": 1,
    "week_start": "2026-04-28",
    "week_end": "2026-05-04",
    "gross_amount": "13.60",
    "commission_amount": "0.68",
    "net_amount": "12.92",
    "status": "PENDING",
    "requested_at": "2026-05-06T09:00:00Z"
  }
},
{
  "model": "marketplace.payoutrequest",
  "pk": 6,
  "fields": {
    "producer": 2,
    "week_start": "2026-04-28",
    "week_end": "2026-05-04",
    "gross_amount": "15.60",
    "commission_amount": "0.78",
    "net_amount": "14.82",
    "status": "PENDING",
    "requested_at": "2026-05-06T10:00:00Z"
  }
},
{
  "model": "marketplace.payoutrequest",
  "pk": 7,
  "fields": {
    "producer": 3,
    "week_start": "2026-04-28",
    "week_end": "2026-05-04",
    "gross_amount": "14.20",
    "commission_amount": "0.71",
    "net_amount": "13.49",
    "status": "PAID",
    "requested_at": "2026-05-06T11:00:00Z"
  }
},
{
  "model": "marketplace.payoutrequest",
  "pk": 8,
  "fields": {
    "producer": 5,
    "week_start": "2026-05-04",
    "week_end": "2026-05-10",
    "gross_amount": "589.85",
    "commission_amount": "29.49",
    "net_amount": "560.36",
    "status": "PAID",
    "requested_at": "2026-05-06T15:48:07.017Z"
  }
},
{
  "model": "marketplace.payoutrequest",
  "pk": 9,
  "fields": {
    "producer": 1,
    "week_start": "2026-03-30",
    "week_end": "2026-04-05",
    "gross_amount": "20.30",
    "commission_amount": "1.02",
    "net_amount": "19.28",
    "status": "PAID",
    "requested_at": "2026-04-07T09:00:00Z"
  }
},
{
  "model": "marketplace.payoutrequest",
  "pk": 10,
  "fields": {
    "producer": 2,
    "week_start": "2026-03-30",
    "week_end": "2026-04-05",
    "gross_amount": "11.80",
    "commission_amount": "0.59",
    "net_amount": "11.21",
    "status": "PAID",
    "requested_at": "2026-04-07T09:00:00Z"
  }
},
{
  "model": "marketplace.payoutrequest",
  "pk": 11,
  "fields": {
    "producer": 3,
    "week_start": "2026-03-30",
    "week_end": "2026-04-05",
    "gross_amount": "13.60",
    "commission_amount": "0.68",
    "net_amount": "12.92",
    "status": "PAID",
    "requested_at": "2026-04-07T09:00:00Z"
  }
},
{
  "model": "marketplace.payoutrequest",
  "pk": 12,
  "fields": {
    "producer": 6,
    "week_start": "2026-04-06",
    "week_end": "2026-04-12",
    "gross_amount": "9.60",
    "commission_amount": "0.48",
    "net_amount": "9.12",
    "status": "PAID",
    "requested_at": "2026-04-14T09:00:00Z"
  }
},
{
  "model": "marketplace.payoutrequest",
  "pk": 13,
  "fields": {
    "producer": 1,
    "week_start": "2026-04-06",
    "week_end": "2026-04-12",
    "gross_amount": "4.50",
    "commission_amount": "0.22",
    "net_amount": "4.28",
    "status": "PAID",
    "requested_at": "2026-04-14T09:00:00Z"
  }
},
{
  "model": "marketplace.payoutrequest",
  "pk": 14,
  "fields": {
    "producer": 2,
    "week_start": "2026-04-06",
    "week_end": "2026-04-12",
    "gross_amount": "27.40",
    "commission_amount": "1.37",
    "net_amount": "26.03",
    "status": "PAID",
    "requested_at": "2026-04-14T09:00:00Z"
  }
},
{
  "model": "marketplace.payoutrequest",
  "pk": 15,
  "fields": {
    "producer": 5,
    "week_start": "2026-04-13",
    "week_end": "2026-04-19",
    "gross_amount": "24.50",
    "commission_amount": "1.22",
    "net_amount": "23.28",
    "status": "PAID",
    "requested_at": "2026-04-21T09:00:00Z"
  }
},
{
  "model": "marketplace.payoutrequest",
  "pk": 16,
  "fields": {
    "producer": 1,
    "week_start": "2026-04-13",
    "week_end": "2026-04-19",
    "gross_amount": "21.80",
    "commission_amount": "1.09",
    "net_amount": "20.71",
    "status": "PENDING",
    "requested_at": "2026-04-21T09:00:00Z"
  }
},
{
  "model": "marketplace.payoutrequest",
  "pk": 17,
  "fields": {
    "producer": 2,
    "week_start": "2026-04-13",
    "week_end": "2026-04-19",
    "gross_amount": "11.80",
    "commission_amount": "0.59",
    "net_amount": "11.21",
    "status": "PAID",
    "requested_at": "2026-04-21T09:00:00Z"
  }
},
{
  "model": "marketplace.payoutrequest",
  "pk": 18,
  "fields": {
    "producer": 3,
    "week_start": "2026-04-13",
    "week_end": "2026-04-19",
    "gross_amount": "16.70",
    "commission_amount": "0.84",
    "net_amount": "15.86",
    "status": "PAID",
    "requested_at": "2026-04-21T09:00:00Z"
  }
},
{
  "model": "marketplace.payoutrequest",
  "pk": 19,
  "fields": {
    "producer": 4,
    "week_start": "2026-04-13",
    "week_end": "2026-04-19",
    "gross_amount": "11.50",
    "commission_amount": "0.58",
    "net_amount": "10.92",
    "status": "PAID",
    "requested_at": "2026-04-21T09:00:00Z"
  }
},
{
  "model": "marketplace.payoutrequest",
  "pk": 20,
  "fields": {
    "producer": 5,
    "week_start": "2026-04-20",
    "week_end": "2026-04-26",
    "gross_amount": "21.80",
    "commission_amount": "1.09",
    "net_amount": "20.71",
    "status": "PAID",
    "requested_at": "2026-04-28T09:00:00Z"
  }
},
{
  "model": "marketplace.payoutrequest",
  "pk": 21,
  "fields": {
    "producer": 6,
    "week_start": "2026-04-20",
    "week_end": "2026-04-26",
    "gross_amount": "6.40",
    "commission_amount": "0.32",
    "net_amount": "6.08",
    "status": "PAID",
    "requested_at": "2026-04-28T09:00:00Z"
  }
},
{
  "model": "marketplace.payoutrequest",
  "pk": 22,
  "fields": {
    "producer": 1,
    "week_start": "2026-04-20",
    "week_end": "2026-04-26",
    "gross_amount": "23.20",
    "commission_amount": "1.16",
    "net_amount": "22.04",
    "status": "PAID",
    "requested_at": "2026-04-28T09:00:00Z"
  }
},
{
  "model": "marketplace.payoutrequest",
  "pk": 23,
  "fields": {
    "producer": 2,
    "week_start": "2026-04-20",
    "week_end": "2026-04-26",
    "gross_amount": "29.60",
    "commission_amount": "1.48",
    "net_amount": "28.12",
    "status": "PAID",
    "requested_at": "2026-04-28T09:00:00Z"
  }
},
{
  "model": "marketplace.payoutrequest",
  "pk": 24,
  "fields": {
    "producer": 3,
    "week_start": "2026-04-20",
    "week_end": "2026-04-26",
    "gross_amount": "26.30",
    "commission_amount": "1.32",
    "net_amount": "24.98",
    "status": "PAID",
    "requested_at": "2026-04-28T09:00:00Z"
  }
},
{
  "model": "marketplace.payoutrequest",
  "pk": 25,
  "fields": {
    "producer": 4,
    "week_start": "2026-04-20",
    "week_end": "2026-04-26",
    "gross_amount": "28.10",
    "commission_amount": "1.40",
    "net_amount": "26.70",
    "status": "PAID",
    "requested_at": "2026-04-28T09:00:00Z"
  }
},
{
  "model": "marketplace.payoutrequest",
  "pk": 26,
  "fields": {
    "producer": 5,
    "week_start": "2026-04-27",
    "week_end": "2026-05-03",
    "gross_amount": "45.90",
    "commission_amount": "2.30",
    "net_amount": "43.60",
    "status": "PENDING",
    "requested_at": "2026-05-05T09:00:00Z"
  }
},
{
  "model": "marketplace.payoutrequest",
  "pk": 27,
  "fields": {
    "producer": 6,
    "week_start": "2026-04-27",
    "week_end": "2026-05-03",
    "gross_amount": "21.20",
    "commission_amount": "1.06",
    "net_amount": "20.14",
    "status": "PENDING",
    "requested_at": "2026-05-05T09:00:00Z"
  }
},
{
  "model": "marketplace.payoutrequest",
  "pk": 28,
  "fields": {
    "producer": 1,
    "week_start": "2026-04-27",
    "week_end": "2026-05-03",
    "gross_amount": "28.50",
    "commission_amount": "1.42",
    "net_amount": "27.08",
    "status": "PENDING",
    "requested_at": "2026-05-05T09:00:00Z"
  }
},
{
  "model": "marketplace.payoutrequest",
  "pk": 29,
  "fields": {
    "producer": 2,
    "week_start": "2026-04-27",
    "week_end": "2026-05-03",
    "gross_amount": "28.40",
    "commission_amount": "1.42",
    "net_amount": "26.98",
    "status": "PENDING",
    "requested_at": "2026-05-05T09:00:00Z"
  }
},
{
  "model": "marketplace.payoutrequest",
  "pk": 30,
  "fields": {
    "producer": 3,
    "week_start": "2026-04-27",
    "week_end": "2026-05-03",
    "gross_amount": "23.40",
    "commission_amount": "1.17",
    "net_amount": "22.23",
    "status": "PENDING",
    "requested_at": "2026-05-05T09:00:00Z"
  }
},
{
  "model": "marketplace.payoutrequest",
  "pk": 31,
  "fields": {
    "producer": 4,
    "week_start": "2026-04-27",
    "week_end": "2026-05-03",
    "gross_amount": "16.00",
    "commission_amount": "0.80",
    "net_amount": "15.20",
    "status": "PENDING",
    "requested_at": "2026-05-05T09:00:00Z"
  }
},
{
  "model": "marketplace.payoutrequest",
  "pk": 32,
  "fields": {
    "producer": 1,
    "week_start": "2026-05-04",
    "week_end": "2026-05-10",
    "gross_amount": "0.00",
    "commission_amount": "0.00",
    "net_amount": "0.00",
    "status": "PENDING",
    "requested_at": "2026-05-06T23:38:29.985Z"
  }
},
{
  "model": "marketplace.stocknotification",
  "pk": 1,
  "fields": {
    "producer": 1,
    "product": 35,
    "message": "Low stock alert: 'cherry' has dropped to 14.000 EACH (threshold: 15.000).",
    "is_read": true,
    "created_at": "2026-05-06T23:49:24.149Z"
  }
},
{
  "model": "marketplace.stocknotification",
  "pk": 2,
  "fields": {
    "producer": 6,
    "product": 35,
    "message": "Low stock alert: 'cherry' has dropped to 14 units (threshold: 15.000).",
    "is_read": true,
    "created_at": "2026-05-07T01:11:40.495Z"
  }
},
{
  "model": "marketplace.stocknotification",
  "pk": 3,
  "fields": {
    "producer": 2,
    "product": 35,
    "message": "Low stock alert: 'cherry' has dropped to 13.999 units (threshold: 15.000).",
    "is_read": false,
    "created_at": "2026-05-07T01:12:37.152Z"
  }
},
{
  "model": "marketplace.stocknotification",
  "pk": 4,
  "fields": {
    "producer": 1,
    "product": 35,
    "message": "Low stock alert: 'cherry' has dropped to 14.000 units (threshold: 15.000).",
    "is_read": true,
    "created_at": "2026-05-07T02:54:46.191Z"
  }
},
{
  "model": "marketplace.stocknotification",
  "pk": 5,
  "fields": {
    "producer": 1,
    "product": 35,
    "message": "Low stock alert: 'cherry' has dropped to 14 units (threshold: 15.000).",
    "is_read": true,
    "created_at": "2026-05-07T03:05:46.416Z"
  }
},
{
  "model": "marketplace.stocknotification",
  "pk": 6,
  "fields": {
    "producer": 1,
    "product": 35,
    "message": "Low stock alert: 'cherry' has dropped to 14.000 units (threshold: 15.000).",
    "is_read": true,
    "created_at": "2026-05-07T03:07:52.291Z"
  }
},
{
  "model": "marketplace.stocknotification",
  "pk": 7,
  "fields": {
    "producer": 1,
    "product": 35,
    "message": "Low stock alert: 'cherry' has dropped to 14 units (threshold: 15.000).",
    "is_read": true,
    "created_at": "2026-05-07T03:08:59.194Z"
  }
},
{
  "model": "marketplace.stocknotification",
  "pk": 8,
  "fields": {
    "producer": 1,
    "product": 35,
    "message": "Low stock alert: 'cherry' has dropped to 14 units (threshold: 15.000).",
    "is_read": true,
    "created_at": "2026-05-07T03:16:51.631Z"
  }
},
{
  "model": "marketplace.stocknotification",
  "pk": 9,
  "fields": {
    "producer": 1,
    "product": 35,
    "message": "Low stock alert: 'cherry' has dropped to 14 units (threshold: 15.000).",
    "is_read": true,
    "created_at": "2026-05-07T06:31:50.206Z"
  }
},
{
  "model": "marketplace.stocknotification",
  "pk": 10,
  "fields": {
    "producer": 1,
    "product": 35,
    "message": "Low stock alert: 'cherry' has dropped to 14.000 units (threshold: 15.000).",
    "is_read": true,
    "created_at": "2026-05-07T07:04:01.878Z"
  }
},
{
  "model": "marketplace.standingorder",
  "pk": 1,
  "fields": {
    "customer": 4,
    "product": 35,
    "quantity": 3,
    "is_active": false,
    "created_at": "2026-05-07T05:04:10.707Z"
  }
},
{
  "model": "marketplace.standingorder",
  "pk": 2,
  "fields": {
    "customer": 4,
    "product": 33,
    "quantity": 2,
    "is_active": false,
    "created_at": "2026-05-07T05:10:14.515Z"
  }
},
{
  "model": "marketplace.standingorder",
  "pk": 3,
  "fields": {
    "customer": 4,
    "product": 34,
    "quantity": 1,
    "is_active": true,
    "created_at": "2026-05-07T05:16:37.633Z"
  }
},
{
  "model": "marketplace.standingorder",
  "pk": 4,
  "fields": {
    "customer": 1,
    "product": 35,
    "quantity": 2,
    "is_active": true,
    "created_at": "2026-05-07T06:48:34.591Z"
  }
}
]
