[
{
  "model": "marketplace.category",
  "pk": 1,
  "fields": {
    "category_name": "Vegetables",
    "category_description": "Fresh seasonal vegetables grown locally"
  }
},
{
  "model": "marketplace.category",
  "pk": 2,
  "fields": {
    "category_name": "Fruit",
    "category_description": "Orchard and soft fruits picked at peak ripeness"
  }
},
{
  "model": "marketplace.category",
  "pk": 3,
  "fields": {
    "category_name": "Dairy & Eggs",
    "category_description": "Milk, cheese, butter and free-range eggs"
  }
},
{
  "model": "marketplace.category",
  "pk": 4,
  "fields": {
    "category_name": "Herbs",
    "category_description": "Fresh-cut herbs and edible flowers"
  }
},
{
  "model": "marketplace.product",
  "pk": 1,
  "fields": {
    "producer": 1,
    "category": 1,
    "product_name": "Mixed Salad Leaves",
    "product_description": "Rocket, spinach and baby lettuce harvested fresh each morning.",
    "current_price": "2.50",
    "product_unit": "PACK",
    "stock_quantity": "80.000",
    "product_stock_threshold": null,
    "harvest_date": "2026-04-23",
    "best_before_date": "2026-04-28",
    "organic_status": "ORGANIC",
    "is_available": true,
    "created_at": "2026-04-23T23:47:43.473Z",
    "updated_at": "2026-04-23T23:47:43.473Z"
  }
},
{
  "model": "marketplace.product",
  "pk": 2,
  "fields": {
    "producer": 1,
    "category": 1,
    "product_name": "Heritage Carrots",
    "product_description": "Purple, yellow and orange heritage varieties  sweeter than standard carrots.",
    "current_price": "1.80",
    "product_unit": "KG",
    "stock_quantity": "50.000",
    "product_stock_threshold": null,
    "harvest_date": "2026-04-22",
    "best_before_date": "2026-05-07",
    "organic_status": "ORGANIC",
    "is_available": true,
    "created_at": "2026-04-23T23:47:43.499Z",
    "updated_at": "2026-04-23T23:47:43.499Z"
  }
},
{
  "model": "marketplace.product",
  "pk": 3,
  "fields": {
    "producer": 1,
    "category": 1,
    "product_name": "Courgettes",
    "product_description": "Tender green courgettes, great for grilling or roasting.",
    "current_price": "2.20",
    "product_unit": "KG",
    "stock_quantity": "40.000",
    "product_stock_threshold": null,
    "harvest_date": "2026-04-23",
    "best_before_date": "2026-04-30",
    "organic_status": "ORGANIC",
    "is_available": true,
    "created_at": "2026-04-23T23:47:43.512Z",
    "updated_at": "2026-04-23T23:47:43.512Z"
  }
},
{
  "model": "marketplace.product",
  "pk": 4,
  "fields": {
    "producer": 1,
    "category": 1,
    "product_name": "New Potatoes",
    "product_description": "Waxy Jersey-style new potatoes freshly dug. Perfect boiled with butter and mint.",
    "current_price": "1.50",
    "product_unit": "KG",
    "stock_quantity": "100.000",
    "product_stock_threshold": null,
    "harvest_date": "2026-04-22",
    "best_before_date": "2026-05-07",
    "organic_status": "ORGANIC",
    "is_available": true,
    "created_at": "2026-04-23T23:47:43.523Z",
    "updated_at": "2026-04-23T23:47:43.523Z"
  }
},
{
  "model": "marketplace.product",
  "pk": 5,
  "fields": {
    "producer": 1,
    "category": 1,
    "product_name": "Leeks",
    "product_description": "Fat, flavourful leeks harvested throughout winter and spring.",
    "current_price": "2.00",
    "product_unit": "BUNCH",
    "stock_quantity": "45.000",
    "product_stock_threshold": null,
    "harvest_date": "2026-04-22",
    "best_before_date": "2026-05-03",
    "organic_status": "ORGANIC",
    "is_available": true,
    "created_at": "2026-04-23T23:47:43.535Z",
    "updated_at": "2026-04-23T23:47:43.535Z"
  }
},
{
  "model": "marketplace.product",
  "pk": 6,
  "fields": {
    "producer": 1,
    "category": 1,
    "product_name": "Butternut Squash",
    "product_description": "Large, golden butternut squash with dense, sweet flesh. Stores well.",
    "current_price": "2.80",
    "product_unit": "EACH",
    "stock_quantity": "30.000",
    "product_stock_threshold": null,
    "harvest_date": "2026-04-23",
    "best_before_date": "2026-06-22",
    "organic_status": "ORGANIC",
    "is_available": true,
    "created_at": "2026-04-23T23:47:43.547Z",
    "updated_at": "2026-04-23T23:47:43.547Z"
  }
},
{
  "model": "marketplace.product",
  "pk": 7,
  "fields": {
    "producer": 1,
    "category": 4,
    "product_name": "Fresh Basil",
    "product_description": "Fragrant sweet basil grown in polytunnels. Sold as a generous cut bunch.",
    "current_price": "1.20",
    "product_unit": "BUNCH",
    "stock_quantity": "60.000",
    "product_stock_threshold": null,
    "harvest_date": "2026-04-23",
    "best_before_date": "2026-04-27",
    "organic_status": "ORGANIC",
    "is_available": true,
    "created_at": "2026-04-23T23:47:43.561Z",
    "updated_at": "2026-04-23T23:47:43.561Z"
  }
},
{
  "model": "marketplace.product",
  "pk": 8,
  "fields": {
    "producer": 1,
    "category": 4,
    "product_name": "Fresh Flat-Leaf Parsley",
    "product_description": "Bright, vibrant flat-leaf parsley. A kitchen staple.",
    "current_price": "1.00",
    "product_unit": "BUNCH",
    "stock_quantity": "55.000",
    "product_stock_threshold": null,
    "harvest_date": "2026-04-23",
    "best_before_date": "2026-04-28",
    "organic_status": "ORGANIC",
    "is_available": true,
    "created_at": "2026-04-23T23:47:43.574Z",
    "updated_at": "2026-04-23T23:47:43.574Z"
  }
},
{
  "model": "marketplace.product",
  "pk": 9,
  "fields": {
    "producer": 3,
    "category": 2,
    "product_name": "Bramley Cooking Apples",
    "product_description": "Classic tart Bramley apples, ideal for pies, crumbles and sauces.",
    "current_price": "2.20",
    "product_unit": "KG",
    "stock_quantity": "60.000",
    "product_stock_threshold": null,
    "harvest_date": "2026-04-21",
    "best_before_date": "2026-05-23",
    "organic_status": "NON_ORGANIC",
    "is_available": true,
    "created_at": "2026-04-23T23:47:43.586Z",
    "updated_at": "2026-04-23T23:47:43.586Z"
  }
},
{
  "model": "marketplace.product",
  "pk": 10,
  "fields": {
    "producer": 3,
    "category": 2,
    "product_name": "Conference Pears",
    "product_description": "Sweet, juicy Conference pears picked at perfect ripeness.",
    "current_price": "2.80",
    "product_unit": "KG",
    "stock_quantity": "40.000",
    "product_stock_threshold": null,
    "harvest_date": "2026-04-22",
    "best_before_date": "2026-05-03",
    "organic_status": "NON_ORGANIC",
    "is_available": true,
    "created_at": "2026-04-23T23:47:43.600Z",
    "updated_at": "2026-04-23T23:47:43.600Z"
  }
},
{
  "model": "marketplace.product",
  "pk": 11,
  "fields": {
    "producer": 3,
    "category": 2,
    "product_name": "Strawberries",
    "product_description": "Sun-ripened strawberries bursting with flavour, picked to order.",
    "current_price": "3.50",
    "product_unit": "PACK",
    "stock_quantity": "35.000",
    "product_stock_threshold": null,
    "harvest_date": "2026-04-23",
    "best_before_date": "2026-04-26",
    "organic_status": "NON_ORGANIC",
    "is_available": true,
    "created_at": "2026-04-23T23:47:43.622Z",
    "updated_at": "2026-04-23T23:47:43.622Z"
  }
},
{
  "model": "marketplace.product",
  "pk": 12,
  "fields": {
    "producer": 3,
    "category": 2,
    "product_name": "Blackberries",
    "product_description": "Wild-hedgerow blackberries hand-picked from the orchard borders.",
    "current_price": "2.50",
    "product_unit": "PACK",
    "stock_quantity": "20.000",
    "product_stock_threshold": null,
    "harvest_date": "2026-04-23",
    "best_before_date": "2026-04-26",
    "organic_status": "ORGANIC",
    "is_available": true,
    "created_at": "2026-04-23T23:47:43.637Z",
    "updated_at": "2026-04-23T23:47:43.637Z"
  }
},
{
  "model": "marketplace.product",
  "pk": 13,
  "fields": {
    "producer": 3,
    "category": 2,
    "product_name": "Rhubarb",
    "product_description": "Tangy forced rhubarb with bright pink stalks. Great for crumbles and jams.",
    "current_price": "1.80",
    "product_unit": "BUNCH",
    "stock_quantity": "30.000",
    "product_stock_threshold": null,
    "harvest_date": "2026-04-22",
    "best_before_date": "2026-04-30",
    "organic_status": "ORGANIC",
    "is_available": true,
    "created_at": "2026-04-23T23:47:43.650Z",
    "updated_at": "2026-04-23T23:47:43.650Z"
  }
},
{
  "model": "marketplace.product",
  "pk": 14,
  "fields": {
    "producer": 2,
    "category": 3,
    "product_name": "Whole Milk (2 L)",
    "product_description": "Full-fat unhomogenised milk from grass-fed Friesians. Cream rises to the top.",
    "current_price": "1.80",
    "product_unit": "EACH",
    "stock_quantity": "120.000",
    "product_stock_threshold": null,
    "harvest_date": "2026-04-23",
    "best_before_date": "2026-04-28",
    "organic_status": "NON_ORGANIC",
    "is_available": true,
    "created_at": "2026-04-23T23:47:43.664Z",
    "updated_at": "2026-04-23T23:47:43.664Z"
  }
},
{
  "model": "marketplace.product",
  "pk": 15,
  "fields": {
    "producer": 2,
    "category": 3,
    "product_name": "Semi-Skimmed Milk (2 L)",
    "product_description": "Light and fresh semi-skimmed milk from our Aberystwyth herd.",
    "current_price": "1.70",
    "product_unit": "EACH",
    "stock_quantity": "80.000",
    "product_stock_threshold": null,
    "harvest_date": "2026-04-23",
    "best_before_date": "2026-04-28",
    "organic_status": "NON_ORGANIC",
    "is_available": true,
    "created_at": "2026-04-23T23:47:43.697Z",
    "updated_at": "2026-04-23T23:47:43.697Z"
  }
},
{
  "model": "marketplace.product",
  "pk": 16,
  "fields": {
    "producer": 2,
    "category": 3,
    "product_name": "Free-Range Eggs (dozen)",
    "product_description": "Large free-range eggs from hens that roam our pastures daily. Rich orange yolks.",
    "current_price": "3.20",
    "product_unit": "DOZEN",
    "stock_quantity": "50.000",
    "product_stock_threshold": null,
    "harvest_date": "2026-04-22",
    "best_before_date": "2026-05-14",
    "organic_status": "NON_ORGANIC",
    "is_available": true,
    "created_at": "2026-04-23T23:47:43.721Z",
    "updated_at": "2026-04-23T23:47:43.721Z"
  }
},
{
  "model": "marketplace.product",
  "pk": 17,
  "fields": {
    "producer": 2,
    "category": 3,
    "product_name": "Salted Butter (250 g)",
    "product_description": "Churned from fresh cream with a pinch of sea salt. Rich and spreadable.",
    "current_price": "2.80",
    "product_unit": "EACH",
    "stock_quantity": "40.000",
    "product_stock_threshold": null,
    "harvest_date": null,
    "best_before_date": "2026-05-23",
    "organic_status": "NON_ORGANIC",
    "is_available": true,
    "created_at": "2026-04-23T23:47:43.743Z",
    "updated_at": "2026-04-23T23:47:43.743Z"
  }
},
{
  "model": "marketplace.product",
  "pk": 18,
  "fields": {
    "producer": 2,
    "category": 3,
    "product_name": "Natural Yoghurt (500 g)",
    "product_description": "Thick, creamy live natural yoghurt. No added sugar or thickeners.",
    "current_price": "2.50",
    "product_unit": "EACH",
    "stock_quantity": "35.000",
    "product_stock_threshold": null,
    "harvest_date": "2026-04-23",
    "best_before_date": "2026-05-07",
    "organic_status": "NON_ORGANIC",
    "is_available": true,
    "created_at": "2026-04-23T23:47:43.766Z",
    "updated_at": "2026-04-23T23:47:43.766Z"
  }
},
{
  "model": "marketplace.product",
  "pk": 19,
  "fields": {
    "producer": 2,
    "category": 3,
    "product_name": "Mature Cheddar (250 g wedge)",
    "product_description": "Handmade 12-month aged cheddar. Crumbly texture with a sharp, nutty flavour.",
    "current_price": "5.80",
    "product_unit": "EACH",
    "stock_quantity": "30.000",
    "product_stock_threshold": null,
    "harvest_date": null,
    "best_before_date": "2026-06-22",
    "organic_status": "NON_ORGANIC",
    "is_available": true,
    "created_at": "2026-04-23T23:47:43.787Z",
    "updated_at": "2026-04-23T23:47:43.787Z"
  }
},
{
  "model": "marketplace.allergen",
  "pk": 1,
  "fields": {
    "allergen_name": "Gluten"
  }
},
{
  "model": "marketplace.allergen",
  "pk": 2,
  "fields": {
    "allergen_name": "Milk"
  }
},
{
  "model": "marketplace.allergen",
  "pk": 3,
  "fields": {
    "allergen_name": "Eggs"
  }
},
{
  "model": "marketplace.allergen",
  "pk": 4,
  "fields": {
    "allergen_name": "Tree Nuts"
  }
},
{
  "model": "marketplace.allergen",
  "pk": 5,
  "fields": {
    "allergen_name": "Soya"
  }
},
{
  "model": "marketplace.allergen",
  "pk": 6,
  "fields": {
    "allergen_name": "Sesame"
  }
},
{
  "model": "marketplace.allergen",
  "pk": 7,
  "fields": {
    "allergen_name": "Sulphites"
  }
},
{
  "model": "marketplace.productallergen",
  "pk": 1,
  "fields": {
    "product": 14,
    "allergen": 2
  }
},
{
  "model": "marketplace.productallergen",
  "pk": 2,
  "fields": {
    "product": 15,
    "allergen": 2
  }
},
{
  "model": "marketplace.productallergen",
  "pk": 3,
  "fields": {
    "product": 16,
    "allergen": 3
  }
},
{
  "model": "marketplace.productallergen",
  "pk": 4,
  "fields": {
    "product": 17,
    "allergen": 2
  }
},
{
  "model": "marketplace.productallergen",
  "pk": 5,
  "fields": {
    "product": 18,
    "allergen": 2
  }
},
{
  "model": "marketplace.productallergen",
  "pk": 6,
  "fields": {
    "product": 19,
    "allergen": 2
  }
},
{
  "model": "marketplace.productavailabilitywindow",
  "pk": 1,
  "fields": {
    "product": 1,
    "availability_type": "SEASONAL",
    "start_month": 4,
    "end_month": 10
  }
},
{
  "model": "marketplace.productavailabilitywindow",
  "pk": 2,
  "fields": {
    "product": 2,
    "availability_type": "YEAR_ROUND",
    "start_month": null,
    "end_month": null
  }
},
{
  "model": "marketplace.productavailabilitywindow",
  "pk": 3,
  "fields": {
    "product": 3,
    "availability_type": "SEASONAL",
    "start_month": 6,
    "end_month": 9
  }
},
{
  "model": "marketplace.productavailabilitywindow",
  "pk": 4,
  "fields": {
    "product": 4,
    "availability_type": "SEASONAL",
    "start_month": 5,
    "end_month": 8
  }
},
{
  "model": "marketplace.productavailabilitywindow",
  "pk": 5,
  "fields": {
    "product": 5,
    "availability_type": "SEASONAL",
    "start_month": 10,
    "end_month": 3
  }
},
{
  "model": "marketplace.productavailabilitywindow",
  "pk": 6,
  "fields": {
    "product": 6,
    "availability_type": "SEASONAL",
    "start_month": 9,
    "end_month": 12
  }
},
{
  "model": "marketplace.productavailabilitywindow",
  "pk": 7,
  "fields": {
    "product": 7,
    "availability_type": "YEAR_ROUND",
    "start_month": null,
    "end_month": null
  }
},
{
  "model": "marketplace.productavailabilitywindow",
  "pk": 8,
  "fields": {
    "product": 8,
    "availability_type": "YEAR_ROUND",
    "start_month": null,
    "end_month": null
  }
},
{
  "model": "marketplace.productavailabilitywindow",
  "pk": 9,
  "fields": {
    "product": 9,
    "availability_type": "SEASONAL",
    "start_month": 9,
    "end_month": 2
  }
},
{
  "model": "marketplace.productavailabilitywindow",
  "pk": 10,
  "fields": {
    "product": 10,
    "availability_type": "SEASONAL",
    "start_month": 9,
    "end_month": 11
  }
},
{
  "model": "marketplace.productavailabilitywindow",
  "pk": 11,
  "fields": {
    "product": 11,
    "availability_type": "SEASONAL",
    "start_month": 6,
    "end_month": 8
  }
},
{
  "model": "marketplace.productavailabilitywindow",
  "pk": 12,
  "fields": {
    "product": 12,
    "availability_type": "SEASONAL",
    "start_month": 8,
    "end_month": 10
  }
},
{
  "model": "marketplace.productavailabilitywindow",
  "pk": 13,
  "fields": {
    "product": 13,
    "availability_type": "SEASONAL",
    "start_month": 2,
    "end_month": 6
  }
},
{
  "model": "marketplace.productavailabilitywindow",
  "pk": 14,
  "fields": {
    "product": 14,
    "availability_type": "YEAR_ROUND",
    "start_month": null,
    "end_month": null
  }
},
{
  "model": "marketplace.productavailabilitywindow",
  "pk": 15,
  "fields": {
    "product": 15,
    "availability_type": "YEAR_ROUND",
    "start_month": null,
    "end_month": null
  }
},
{
  "model": "marketplace.productavailabilitywindow",
  "pk": 16,
  "fields": {
    "product": 16,
    "availability_type": "YEAR_ROUND",
    "start_month": null,
    "end_month": null
  }
},
{
  "model": "marketplace.productavailabilitywindow",
  "pk": 17,
  "fields": {
    "product": 17,
    "availability_type": "YEAR_ROUND",
    "start_month": null,
    "end_month": null
  }
},
{
  "model": "marketplace.productavailabilitywindow",
  "pk": 18,
  "fields": {
    "product": 18,
    "availability_type": "YEAR_ROUND",
    "start_month": null,
    "end_month": null
  }
},
{
  "model": "marketplace.productavailabilitywindow",
  "pk": 19,
  "fields": {
    "product": 19,
    "availability_type": "YEAR_ROUND",
    "start_month": null,
    "end_month": null
  }
},
{
  "model": "marketplace.productdeal",
  "pk": 1,
  "fields": {
    "product": 10,
    "discount_percentage": "10.00",
    "expires_at": "2026-04-28T00:00:00Z",
    "note": null,
    "is_active": true
  }
},
{
  "model": "marketplace.communitypost",
  "pk": 1,
  "fields": {
    "post_type": "Farm Story",
    "is_public": false,
    "title": "Our First Polytunnel Harvest",
    "description": "After two years of planning we finally harvested our first full crop from the new polytunnels this week  basil, tomatoes and salad leaves all looking incredible. We can now supply fresh greens year-round. A huge thank you to everyone who helped with the build last autumn!",
    "created_at": "2026-04-23T23:49:01.354Z"
  }
},
{
  "model": "marketplace.communitypost",
  "pk": 2,
  "fields": {
    "post_type": "Farm Story",
    "is_public": true,
    "title": "Spring Update from the Orchard",
    "description": "Blossom is out across all the apple and pear trees at Ceridwen's Orchard. If the weather holds we're expecting a bumper crop this autumn. Strawberry plants are in flower too  fingers crossed for a warm June!",
    "created_at": "2026-04-23T23:49:01.365Z"
  }
},
{
  "model": "marketplace.communitypost",
  "pk": 3,
  "fields": {
    "post_type": "Recipe",
    "is_public": true,
    "title": "Heritage Carrot & Ginger Soup",
    "description": "Ingredients: 500 g Green Valley heritage carrots, 1 onion, 2 cloves garlic, thumb of fresh ginger, 1 L vegetable stock, 200 ml Sunny Meadow whole milk, salt & pepper.\n\nSweat onion, garlic and ginger in oil for 5 min. Add carrots and stock, simmer 20 min until tender. Blitz smooth, stir in the milk and season. Serves 4.",
    "created_at": "2026-04-23T23:49:01.371Z"
  }
},
{
  "model": "marketplace.communitypost",
  "pk": 4,
  "fields": {
    "post_type": "Recipe",
    "is_public": true,
    "title": "Courgette, Herb & Egg Frittata",
    "description": "Ingredients: 3 courgettes (Green Valley), 6 eggs (Sunny Meadow), handful of fresh basil and parsley (Green Valley), 50 g mature cheddar (Sunny Meadow), salt & pepper.\n\nSlice and fry courgettes until golden. Beat eggs, stir in herbs and cheese. Pour over courgettes in an ovenproof pan. Cook on hob 3 min then finish under a hot grill for 5 min. Serves 34.",
    "created_at": "2026-04-23T23:49:01.377Z"
  }
},
{
  "model": "marketplace.communitypost",
  "pk": 5,
  "fields": {
    "post_type": "Farm Story",
    "is_public": false,
    "title": "Winter Cover Crop Update (Internal)",
    "description": "Overwinter rye and vetch across fields 3 and 4 looking healthy. Ploughing back in late April ahead of the brassica beds. Internal record only.",
    "created_at": "2026-04-23T23:49:01.384Z"
  }
}
]
